NEW,P.SYMBOL,P.DATE,CURRENCY,P.PRICE,P.VOL$,EST.S.DATE,EST.S.PRICE,EST.PROFITPCT,EST.PROFITPCT252D,T.DATE,T.PRICE,T.VOL$,R.DATE,STATUS,PROFITPCT,PROFITPCT252D,DATEPCT,PRICEPCT
+,ASX-CGC,2021-03-22,AUD,4.46,13918242.0,2021-10-15,7.01,57.17,70.0,2021-03-22,4.46,13918242.0,2021-02-22,OPEN,0.0,0.0,0.0,0.0
+,ASX-SZL,2021-03-22,AUD,8.17,4315492.0,2021-06-01,11.58,41.74,148.0,2021-03-22,8.17,4315492.0,2021-02-25,OPEN,0.0,0.0,1.0,0.0
+,ASX-WSA,2021-03-22,AUD,2.06,6745357.0,2021-10-26,3.23,56.8,66.0,2021-03-22,2.06,6745357.0,2021-02-22,OPEN,0.0,0.0,0.0,0.0
+,ASX-WHC,2021-03-22,AUD,1.75,21514968.0,2021-08-26,2.54,45.14,72.0,2021-03-22,1.755,21514968.0,2021-08-26,OPEN,0.29,73.0,1.0,1.0
-,ASX-A2M,2020-01-22,AUD,15.59,80587859.0,2020-10-24,34.02,118.22,108.0,2020-10-23,14.45,43142628.0,-,CLOSED,-7.31,-8.0,86.0,-6.0
-,ASX-A2M,2020-01-22,AUD,15.59,80587859.0,2020-07-05,23.89,53.24,81.0,2020-07-03,19.83,44111577.0,-,CLOSED,27.2,49.0,85.0,51.0
-,ASX-A2M,2020-01-23,AUD,15.31,38412132.0,2020-08-10,19.97,30.44,38.0,2020-06-18,19.97,40166834.0,-,CLOSED,30.44,60.0,64.0,100.0
-,ASX-NAN,2020-01-28,AUD,6.83,5279378.0,2020-12-18,9.64,41.14,32.0,2020-12-18,7.81,10917763.0,-,CLOSED,14.35,13.0,86.0,35.0
-,ASX-NAN,2020-02-06,AUD,7.15,6046169.0,2021-01-06,9.87,38.04,29.0,2021-01-06,7.47,9364213.0,-,CLOSED,4.48,4.0,86.0,12.0
-,ASX-REA,2020-02-07,AUD,116.9,54905933.0,2020-08-19,153.45,31.27,41.0,2020-08-19,117.62,22301575.0,-,CLOSED,0.62,1.0,86.0,2.0
-,ASX-A2M,2020-02-11,AUD,14.89,52999481.0,2020-08-01,22.17,48.89,72.0,2020-07-31,19.29,51521584.0,-,CLOSED,29.55,51.0,85.0,60.0
-,ASX-A2M,2020-02-18,AUD,15.75,65443234.0,2020-11-19,34.37,118.22,108.0,2020-11-19,13.8,69952283.0,-,CLOSED,-12.38,-13.0,86.0,-10.0
-,ASX-A2M,2020-02-18,AUD,15.75,65443234.0,2020-07-31,24.14,53.27,82.0,2020-07-31,19.29,51521584.0,-,CLOSED,22.48,40.0,86.0,42.0
-,ASX-A2M,2020-03-03,AUD,16.13,81522197.0,2020-08-22,24.02,48.92,72.0,2020-08-21,18.37,86859294.0,-,CLOSED,13.89,24.0,85.0,28.0
-,ASX-REA,2020-03-03,AUD,98.55,40519536.0,2020-12-11,131.51,33.44,30.0,2020-11-06,131.51,30276236.0,-,CLOSED,33.44,39.0,76.0,100.0
-,ASX-REA,2020-03-03,AUD,98.55,40519536.0,2021-01-04,137.91,39.94,33.0,2020-11-09,137.91,15580137.0,-,CLOSED,39.94,47.0,70.0,100.0
-,ASX-REA,2020-03-03,AUD,98.55,40519536.0,2020-11-07,138.15,40.18,41.0,2020-11-06,127.33,37242370.0,-,CLOSED,29.2,34.0,86.0,73.0
-,ASX-REA,2020-03-03,AUD,98.55,40519536.0,2020-11-24,135.48,37.47,35.0,2020-11-09,135.48,19781232.0,-,CLOSED,37.47,44.0,81.0,100.0
-,ASX-REA,2020-03-05,AUD,100.8,46638912.0,2020-12-13,134.51,33.44,30.0,2020-11-09,134.51,30276236.0,-,CLOSED,33.44,39.0,76.0,100.0
-,ASX-REA,2020-03-05,AUD,100.8,46638912.0,2020-11-26,138.57,37.47,35.0,2020-11-09,138.57,14732871.0,-,CLOSED,37.47,44.0,81.0,100.0
-,ASX-REA,2020-03-05,AUD,100.8,46638912.0,2021-01-06,141.06,39.94,33.0,2020-11-10,141.06,30266367.0,-,CLOSED,39.94,47.0,70.0,100.0
-,ASX-REA,2020-03-05,AUD,100.8,46638912.0,2020-11-09,141.3,40.18,41.0,2020-11-09,138.89,45945090.0,-,CLOSED,37.79,44.0,86.0,94.0
-,ASX-REA,2020-03-10,AUD,97.45,54308866.0,2020-11-14,137.29,40.88,41.0,2020-11-09,137.29,32300060.0,-,CLOSED,40.88,49.0,84.0,100.0
-,ASX-REA,2020-03-10,AUD,97.45,54308866.0,2021-01-11,137.05,40.64,33.0,2020-11-09,137.05,20955218.0,-,CLOSED,40.64,49.0,68.0,100.0
-,ASX-REA,2020-03-10,AUD,97.45,54308866.0,2020-12-01,134.64,38.16,36.0,2020-11-09,134.64,30709810.0,-,CLOSED,38.16,46.0,79.0,100.0
-,ASX-REA,2020-03-10,AUD,97.45,54308866.0,2020-12-18,130.68,34.1,30.0,2020-11-06,130.68,45002999.0,-,CLOSED,34.1,41.0,73.0,100.0
-,ASX-REA,2020-03-13,AUD,92.88,59463380.0,2020-11-17,130.85,40.88,41.0,2020-11-06,130.85,38920769.0,-,CLOSED,40.88,50.0,82.0,100.0
-,ASX-REA,2020-03-13,AUD,92.88,59463380.0,2021-01-14,130.63,40.64,33.0,2020-11-06,130.63,22735176.0,-,CLOSED,40.64,50.0,67.0,100.0
-,ASX-REA,2020-03-13,AUD,92.88,59463380.0,2020-12-04,128.32,38.16,36.0,2020-11-06,128.32,13637418.0,-,CLOSED,38.16,47.0,77.0,100.0
-,ASX-REA,2020-03-13,AUD,92.88,59463380.0,2020-12-21,124.55,34.1,30.0,2020-10-22,124.55,29862988.0,-,CLOSED,34.1,45.0,68.0,100.0
-,ASX-REA,2020-03-17,AUD,82.39,46473629.0,2020-11-21,116.07,40.88,41.0,2020-08-11,116.07,22563212.0,-,CLOSED,40.88,81.0,51.0,100.0
-,ASX-REA,2020-03-17,AUD,82.39,46473629.0,2021-01-18,115.87,40.64,33.0,2020-08-11,115.87,20913950.0,-,CLOSED,40.64,81.0,41.0,100.0
-,ASX-REA,2020-03-17,AUD,82.39,46473629.0,2020-12-08,113.83,38.16,36.0,2020-08-07,113.83,27934883.0,-,CLOSED,38.16,78.0,46.0,100.0
-,ASX-REA,2020-03-17,AUD,82.39,46473629.0,2020-12-25,110.48,34.09,30.0,2020-06-23,110.48,9442432.0,-,CLOSED,34.09,102.0,30.0,100.0
-,ASX-REA,2020-03-20,AUD,75.69,50461402.0,2020-12-28,101.5,34.1,30.0,2020-05-26,101.5,9442432.0,-,CLOSED,34.1,151.0,20.0,100.0
-,ASX-REA,2020-03-20,AUD,75.69,50461402.0,2020-12-11,104.57,38.16,36.0,2020-06-03,104.57,30276236.0,-,CLOSED,38.16,150.0,24.0,100.0
-,ASX-REA,2020-03-20,AUD,75.69,50461402.0,2021-01-21,106.45,40.64,33.0,2020-06-04,106.45,47798109.0,-,CLOSED,40.64,158.0,21.0,100.0
-,ASX-REA,2020-03-20,AUD,75.69,50461402.0,2020-11-24,106.63,40.88,41.0,2020-06-04,106.63,19781232.0,-,CLOSED,40.88,158.0,26.0,100.0
-,ASX-REA,2020-03-24,AUD,67.5,48949994.0,2020-11-28,95.09,40.87,41.0,2020-05-08,95.09,10553903.0,-,CLOSED,40.87,271.0,15.0,100.0
-,ASX-REA,2020-03-24,AUD,67.5,48949994.0,2021-01-25,94.93,40.64,33.0,2020-05-08,94.93,15346134.0,-,CLOSED,40.64,270.0,12.0,100.0
-,ASX-REA,2020-03-24,AUD,67.5,48949994.0,2020-12-15,93.26,38.16,36.0,2020-05-08,93.26,22492724.0,-,CLOSED,38.16,253.0,14.0,100.0
-,ASX-REA,2020-03-24,AUD,67.5,48949994.0,2021-01-01,90.52,34.1,30.0,2020-05-08,90.52,16139624.0,-,CLOSED,34.1,226.0,13.0,100.0
-,ASX-REA,2020-03-24,AUD,67.5,48949994.0,2021-01-24,92.47,36.99,30.0,2020-05-08,92.47,40446796.0,-,CLOSED,36.99,245.0,12.0,100.0
-,ASX-REA,2020-03-24,AUD,67.5,48949994.0,2020-11-07,92.07,36.4,40.0,2020-05-08,92.07,37242370.0,-,CLOSED,36.4,241.0,17.0,100.0
-,ASX-REA,2020-03-25,AUD,69.0,51000813.0,2020-11-29,97.21,40.88,41.0,2020-05-21,97.21,10553903.0,-,CLOSED,40.88,210.0,20.0,100.0
-,ASX-REA,2020-03-25,AUD,69.0,51000813.0,2021-01-26,97.04,40.64,33.0,2020-05-21,97.04,15346134.0,-,CLOSED,40.64,209.0,16.0,100.0
-,ASX-REA,2020-03-25,AUD,69.0,51000813.0,2020-12-16,95.33,38.16,36.0,2020-05-11,95.33,27982036.0,-,CLOSED,38.16,240.0,15.0,100.0
-,ASX-REA,2020-03-25,AUD,69.0,51000813.0,2021-01-02,92.53,34.1,30.0,2020-05-08,92.53,16139624.0,-,CLOSED,34.1,226.0,13.0,100.0
-,ASX-A2M,2020-03-30,AUD,16.88,57359050.0,2020-09-10,26.0,54.03,83.0,2020-09-10,16.47,53395312.0,-,CLOSED,-2.43,-4.0,86.0,-4.0
-,ASX-NAN,2020-03-30,AUD,5.63,10097028.0,2021-02-27,7.81,38.72,29.0,2020-12-18,7.81,9364213.0,-,CLOSED,38.72,43.0,68.0,100.0
-,ASX-REA,2020-03-31,AUD,76.99,56366549.0,2020-10-10,101.57,31.93,42.0,2020-05-26,101.57,20601623.0,-,CLOSED,31.93,168.0,25.0,100.0
-,ASX-NAN,2020-04-09,AUD,6.25,8591438.0,2021-02-16,9.1,45.6,37.0,2021-02-16,6.85,4737837.0,-,CLOSED,9.6,9.0,86.0,21.0
-,ASX-REA,2020-04-28,AUD,85.5,59800994.0,2020-11-07,112.79,31.92,42.0,2020-08-07,112.79,37242370.0,-,CLOSED,31.92,92.0,45.0,100.0
-,ASX-NAN,2020-04-29,AUD,6.72,5278694.0,2021-03-29,9.33,38.84,29.0,2021-03-22,6.15,1971462.0,2021-02-23,OPEN,-8.48,-8.0,84.0,-22.0
-,ASX-CGC,2020-06-16,AUD,2.87,6641269.0,2020-09-02,3.74,30.31,98.0,2020-09-02,3.5973,14380991.0,-,CLOSED,25.34,95.0,86.0,84.0
-,ASX-CGC,2020-06-16,AUD,2.87,6641269.0,2021-01-22,4.47,55.75,64.0,2021-01-22,3.9466,1921730.0,-,CLOSED,37.51,50.0,86.0,67.0
-,ASX-A2M,2020-06-17,AUD,19.1,127609048.0,2020-11-13,28.21,47.7,81.0,2020-11-13,14.45,31189198.0,-,CLOSED,-24.35,-48.0,86.0,-51.0
-,ASX-REA,2020-06-19,AUD,110.41,47912720.0,2020-12-29,145.65,31.92,42.0,2020-12-01,145.65,11471290.0,-,CLOSED,31.92,57.0,74.0,100.0
-,ASX-SDF,2020-06-19,AUD,3.45,10521252.0,2021-04-08,4.54,31.59,27.0,2021-03-22,3.86,8362590.0,2021-02-23,OPEN,11.88,13.0,81.0,38.0
-,ASX-RWC,2020-06-22,AUD,3.14,7289801.0,2020-11-29,4.34,38.22,60.0,2020-10-07,4.34,13433228.0,-,CLOSED,38.22,105.0,57.0,100.0
-,ASX-NAN,2020-06-24,AUD,7.01,7483014.0,2021-05-24,9.73,38.8,29.0,2021-03-22,6.15,1971462.0,2021-02-23,OPEN,-12.27,-13.0,70.0,-32.0
-,ASX-CTD,2020-06-26,AUD,9.73,11727238.0,2020-12-14,12.69,30.42,45.0,2020-08-19,12.69,10427051.0,-,CLOSED,30.42,167.0,27.0,100.0
-,ASX-MYX,2020-06-26,AUD,0.38,2449884.0,2021-01-08,0.5,31.58,41.0,2021-01-08,0.355,363368.0,-,CLOSED,-6.58,-10.0,86.0,-21.0
-,ASX-MYX,2020-06-26,AUD,0.38,2449884.0,2021-02-25,0.52,36.84,38.0,2021-02-25,0.285,1454112.0,-,CLOSED,-25.0,-30.0,86.0,-68.0
-,ASX-ORA,2020-06-29,AUD,2.51,0.0,2021-06-04,3.33,32.67,24.0,2021-03-22,3.02,2931460.0,2021-08-19,OPEN,20.32,22.0,67.0,62.0
-,ASX-RSG,2020-06-29,AUD,1.12,8614993.0,2021-06-11,2.23,99.11,72.0,2021-03-22,0.64,3025377.0,2021-02-26,OPEN,-42.86,-47.0,66.0,-43.0
-,ASX-CTD,2020-06-30,AUD,9.69,7668530.0,2020-12-18,12.64,30.44,45.0,2020-08-19,12.64,20940862.0,-,CLOSED,30.44,178.0,25.0,100.0
-,ASX-BGA,2020-06-30,AUD,4.45,2865322.0,2020-10-25,5.8,30.34,65.0,2020-10-23,5.28,4590601.0,-,CLOSED,18.65,47.0,85.0,61.0
-,ASX-WEB,2020-06-30,AUD,3.32,24189175.0,2021-06-01,4.69,41.27,31.0,2020-11-10,4.69,13575227.0,-,CLOSED,41.27,91.0,34.0,100.0
-,ASX-MFG,2020-07-02,AUD,61.68,43879387.0,2021-03-18,81.18,31.61,31.0,2021-03-18,44.5,26935939.0,-,CLOSED,-27.85,-31.0,86.0,-88.0
-,ASX-CGC,2020-07-03,AUD,3.08,5609259.0,2021-01-15,4.38,42.21,54.0,2021-01-07,4.38,4509331.0,-,CLOSED,42.21,66.0,83.0,100.0
-,ASX-S32,2020-07-03,AUD,2.13,28669693.0,2021-03-12,2.92,37.09,37.0,2021-03-08,2.92,43970927.0,-,CLOSED,37.09,44.0,85.0,100.0
-,ASX-REA,2020-07-03,AUD,110.71,25063120.0,2021-01-12,146.05,31.92,42.0,2020-12-01,146.05,17794931.0,-,CLOSED,31.92,62.0,67.0,100.0
-,ASX-IGO,2020-07-06,AUD,5.01,13921197.0,2021-03-22,6.77,35.13,34.0,2021-01-05,6.77,62632398.0,-,CLOSED,35.13,56.0,61.0,100.0
-,ASX-SYR,2020-07-06,AUD,0.33,1710895.0,2021-02-24,0.79,139.39,151.0,2020-11-24,0.79,1874458.0,-,CLOSED,139.39,290.0,52.0,100.0
-,ASX-SYR,2020-07-06,AUD,0.33,1710895.0,2021-03-29,0.55,66.67,63.0,2020-11-11,0.55,2730281.0,-,CLOSED,66.67,153.0,41.0,100.0
-,ASX-MYX,2020-07-07,AUD,0.43,3949221.0,2021-01-24,0.59,37.21,47.0,2021-01-22,0.345,445056.0,-,CLOSED,-19.77,-29.0,85.0,-53.0
-,ASX-MYX,2020-07-07,AUD,0.43,3949221.0,2021-02-17,0.6,39.53,44.0,2021-02-17,0.315,1051275.0,-,CLOSED,-26.74,-35.0,86.0,-68.0
-,ASX-FMG,2020-07-07,AUD,14.8,176145192.0,2021-04-28,19.84,34.05,29.0,2020-12-07,19.84,352081693.0,-,CLOSED,34.05,65.0,45.0,100.0
-,ASX-SYR,2020-07-13,AUD,0.32,585668.0,2021-01-06,0.67,109.38,156.0,2020-11-20,0.67,10189612.0,-,CLOSED,109.38,246.0,63.0,100.0
-,ASX-SYR,2020-07-13,AUD,0.32,585668.0,2021-02-24,0.52,62.5,70.0,2020-10-12,0.52,1874458.0,-,CLOSED,62.5,202.0,35.0,100.0
-,ASX-S32,2020-07-15,AUD,2.14,49436166.0,2021-03-24,2.93,36.92,37.0,2021-03-08,2.93,43970927.0,-,CLOSED,36.92,46.0,81.0,100.0
-,ASX-CTD,2020-07-15,AUD,8.82,5397849.0,2021-01-02,11.5,30.39,45.0,2020-08-17,11.5,3130050.0,-,CLOSED,30.39,274.0,16.0,100.0
-,ASX-WEB,2020-07-15,AUD,2.96,22286320.0,2021-06-16,4.19,41.55,31.0,2020-10-06,4.19,13575227.0,-,CLOSED,41.55,147.0,21.0,100.0
-,ASX-RWC,2020-07-17,AUD,2.87,3593474.0,2020-12-24,3.97,38.33,60.0,2020-10-01,3.97,2232666.0,-,CLOSED,38.33,149.0,41.0,100.0
-,ASX-BPT,2020-07-17,AUD,1.52,11331475.0,2021-02-24,2.37,55.92,63.0,2021-02-24,1.635,21019581.0,-,CLOSED,7.57,10.0,86.0,14.0
-,ASX-SDF,2020-07-17,AUD,3.38,6139347.0,2021-05-06,4.44,31.36,27.0,2021-03-22,3.86,8362590.0,2021-02-23,OPEN,14.2,17.0,73.0,45.0
-,ASX-ARB,2020-07-20,AUD,19.0,3148388.0,2021-05-29,24.83,30.68,25.0,2020-08-24,24.83,4027693.0,-,CLOSED,30.68,258.0,10.0,100.0
-,ASX-CTD,2020-07-21,AUD,9.37,13998311.0,2021-01-08,12.22,30.42,45.0,2020-08-18,12.22,6572513.0,-,CLOSED,30.42,319.0,14.0,100.0
-,ASX-NAN,2020-07-21,AUD,6.5,4059081.0,2021-06-20,9.02,38.77,29.0,2021-03-22,6.15,1971462.0,2021-02-23,OPEN,-5.38,-6.0,63.0,-14.0
-,ASX-SDF,2020-07-22,AUD,3.53,9515475.0,2021-05-14,4.64,31.44,27.0,2021-03-22,3.86,8362590.0,2021-02-23,OPEN,9.35,11.0,71.0,30.0
-,ASX-A2M,2020-07-23,AUD,19.67,38605385.0,2021-01-12,28.91,46.98,68.0,2021-01-12,10.58,32483361.0,-,CLOSED,-46.21,-78.0,86.0,-98.0
-,ASX-CGC,2020-07-23,AUD,3.1,2402516.0,2021-02-04,4.4,41.94,54.0,2021-01-07,4.4,4509331.0,-,CLOSED,41.94,73.0,74.0,100.0
-,ASX-GEM,2020-07-23,AUD,0.86,4940115.0,2021-04-30,1.13,31.4,28.0,2020-10-30,1.13,9101809.0,-,CLOSED,31.4,93.0,30.0,100.0
-,ASX-BPT,2020-07-27,AUD,1.48,16999043.0,2021-03-08,2.6,75.68,85.0,2021-03-08,1.77,23185975.0,-,CLOSED,19.59,26.0,86.0,26.0
-,ASX-ORA,2020-07-28,AUD,2.37,17533245.0,2021-04-21,3.14,32.49,31.0,2021-03-12,3.14,7061780.0,-,CLOSED,32.49,42.0,73.0,100.0
-,ASX-ORE,2020-08-03,AUD,2.96,3841165.0,2021-05-19,4.95,67.23,59.0,2021-01-05,4.95,5170462.0,-,CLOSED,67.23,127.0,46.0,100.0
-,ASX-WEB,2020-08-04,AUD,2.74,14750245.0,2021-07-06,3.87,41.24,31.0,2020-09-08,3.87,13575227.0,-,CLOSED,41.24,346.0,9.0,100.0
-,ASX-SYR,2020-08-04,AUD,0.37,1705843.0,2021-03-25,0.89,140.54,152.0,2020-11-30,0.89,2730281.0,-,CLOSED,140.54,351.0,43.0,100.0
-,ASX-SYR,2020-08-04,AUD,0.37,1705843.0,2021-04-27,0.61,64.86,61.0,2020-11-17,0.61,2730281.0,-,CLOSED,64.86,182.0,34.0,100.0
-,ASX-SCG,2020-08-04,AUD,2.02,47668287.0,2021-05-29,2.63,30.2,26.0,2020-11-10,2.63,21834063.0,-,CLOSED,30.2,91.0,28.0,100.0
-,ASX-RWC,2020-08-04,AUD,2.63,7236019.0,2021-02-17,4.08,55.13,71.0,2020-10-01,4.08,4854290.0,-,CLOSED,55.13,278.0,25.0,100.0
-,ASX-RWC,2020-08-04,AUD,2.63,7236019.0,2020-12-30,3.79,44.11,75.0,2020-08-31,3.79,5362228.0,-,CLOSED,44.11,483.0,16.0,100.0
-,ASX-GXY,2020-08-06,AUD,1.29,7438568.0,2020-10-23,1.73,34.11,110.0,2020-10-23,1.35,3465751.0,-,CLOSED,4.65,17.0,86.0,14.0
-,ASX-ORA,2020-08-07,AUD,2.33,4219893.0,2021-07-13,3.09,32.62,24.0,2021-03-09,3.09,11284893.0,-,CLOSED,32.62,45.0,54.0,100.0
-,ASX-BPT,2020-08-10,AUD,1.45,8596286.0,2021-03-20,2.26,55.86,63.0,2021-03-19,1.72,17816899.0,-,CLOSED,18.62,25.0,86.0,33.0
-,ASX-WEB,2020-08-10,AUD,3.24,31083517.0,2021-05-14,4.47,37.96,35.0,2020-11-10,4.47,13575227.0,-,CLOSED,37.96,121.0,29.0,100.0
-,ASX-MFG,2020-08-10,AUD,62.8,29982471.0,2021-04-26,82.66,31.62,31.0,2021-03-22,44.4,15709253.0,2021-08-10,OPEN,-29.3,-38.0,75.0,-93.0
-,ASX-S32,2020-08-10,AUD,2.22,21656594.0,2021-04-19,3.04,36.94,37.0,2021-03-22,2.74,27273656.0,2021-08-19,OPEN,23.42,31.0,77.0,63.0
-,ASX-WEB,2020-08-10,AUD,3.24,31083517.0,2021-06-02,7.18,121.6,104.0,2021-03-22,6.15,13575227.0,2021-08-17,OPEN,89.81,117.0,65.0,74.0
-,ASX-NAN,2020-08-10,AUD,6.32,4218000.0,2021-07-10,8.77,38.77,29.0,2021-03-22,6.15,1971462.0,2021-02-23,OPEN,-2.69,-4.0,58.0,-7.0
-,ASX-GEM,2020-08-11,AUD,0.83,1820408.0,2021-05-19,1.09,31.33,28.0,2020-10-12,1.09,2291689.0,-,CLOSED,31.33,149.0,19.0,100.0
-,ASX-RWC,2020-08-12,AUD,2.77,26881017.0,2021-01-19,3.83,38.27,60.0,2020-09-02,3.83,6835028.0,-,CLOSED,38.27,536.0,11.0,100.0
-,ASX-SDF,2020-08-12,AUD,3.44,7805265.0,2021-06-01,4.52,31.4,27.0,2021-03-22,3.86,8362590.0,2021-02-23,OPEN,12.21,16.0,65.0,39.0
-,ASX-WEB,2020-08-13,AUD,3.5,19361972.0,2021-04-29,4.79,36.86,36.0,2020-11-10,4.79,13575227.0,-,CLOSED,36.86,122.0,29.0,100.0
-,ASX-SDF,2020-08-13,AUD,3.46,10215677.0,2021-06-02,4.55,31.5,27.0,2021-03-22,3.86,8362590.0,2021-02-23,OPEN,11.56,15.0,65.0,37.0
-,ASX-WEB,2020-08-13,AUD,3.5,19361972.0,2021-04-28,6.87,96.29,94.0,2021-03-22,6.15,13575227.0,2021-08-17,OPEN,75.71,100.0,74.0,79.0
-,ASX-BPT,2020-08-13,AUD,1.45,8762750.0,2021-03-23,2.26,55.86,63.0,2021-03-22,1.745,13183243.0,2021-08-15,OPEN,20.34,27.0,86.0,36.0
-,ASX-SEK,2020-08-14,AUD,19.55,41592293.0,2021-06-12,26.48,35.45,30.0,2020-11-25,26.48,13248025.0,-,CLOSED,35.45,102.0,29.0,100.0
-,ASX-SEK,2020-08-14,AUD,19.55,41592293.0,2021-08-08,26.41,35.09,25.0,2020-11-19,26.41,13248025.0,-,CLOSED,35.09,107.0,23.0,100.0
-,ASX-A2M,2020-08-18,AUD,19.49,89126113.0,2021-02-07,28.64,46.95,68.0,2021-02-05,10.36,46276825.0,-,CLOSED,-46.84,-80.0,85.0,-100.0
-,ASX-SEK,2020-08-18,AUD,19.41,37568754.0,2021-06-16,26.29,35.45,30.0,2020-11-19,26.29,13248025.0,-,CLOSED,35.45,112.0,26.0,100.0
-,ASX-SEK,2020-08-18,AUD,19.41,37568754.0,2021-07-05,27.14,39.82,31.0,2020-12-09,27.14,13248025.0,-,CLOSED,39.82,103.0,30.0,100.0
-,ASX-SEK,2020-08-18,AUD,19.41,37568754.0,2021-08-12,26.22,35.09,25.0,2020-11-19,26.22,13248025.0,-,CLOSED,35.09,111.0,22.0,100.0
-,ASX-CGC,2020-08-19,AUD,3.03,7593515.0,2021-03-03,4.3,41.91,54.0,2021-01-06,4.3,9341334.0,-,CLOSED,41.91,88.0,61.0,100.0
-,ASX-SEK,2020-08-19,AUD,19.71,25444684.0,2021-06-17,26.7,35.46,30.0,2020-12-01,26.7,13248025.0,-,CLOSED,35.46,100.0,29.0,100.0
-,ASX-SEK,2020-08-19,AUD,19.71,25444684.0,2021-08-13,26.62,35.06,25.0,2020-12-01,26.62,13248025.0,-,CLOSED,35.06,99.0,25.0,100.0
-,ASX-NAN,2020-08-19,AUD,6.5,5734514.0,2021-07-19,9.02,38.77,29.0,2021-03-22,6.15,1971462.0,2021-02-23,OPEN,-5.38,-7.0,55.0,-14.0
-,ASX-BPT,2020-08-19,AUD,1.56,14538626.0,2021-03-31,2.74,75.64,85.0,2021-03-22,1.745,13183243.0,2021-08-15,OPEN,11.86,16.0,83.0,16.0
-,ASX-GEM,2020-08-19,AUD,0.97,13393446.0,2021-05-22,1.34,38.14,35.0,2021-03-22,1.09,2291689.0,2021-02-23,OPEN,12.37,17.0,67.0,32.0
-,ASX-SDF,2020-08-20,AUD,3.55,8750032.0,2021-06-12,4.67,31.55,27.0,2021-03-22,3.86,8362590.0,2021-02-23,OPEN,8.73,12.0,62.0,28.0
-,ASX-NAN,2020-08-24,AUD,6.87,12776537.0,2021-07-03,10.0,45.56,37.0,2021-03-22,6.15,1971462.0,2021-02-23,OPEN,-10.48,-15.0,58.0,-23.0
-,ASX-FMG,2020-08-24,AUD,18.56,162040280.0,2021-06-13,24.85,33.89,29.0,2021-03-22,19.16,306394688.0,2021-08-30,OPEN,3.23,4.0,62.0,10.0
-,ASX-PMV,2020-08-25,AUD,19.11,6680648.0,2021-02-23,25.29,32.34,45.0,2021-01-13,25.29,9089230.0,-,CLOSED,32.34,67.0,66.0,100.0
-,ASX-CGC,2020-08-28,AUD,3.31,27418863.0,2021-03-12,4.7,41.99,54.0,2021-03-12,4.41,7214672.0,-,CLOSED,33.23,50.0,86.0,79.0
-,ASX-ORA,2020-08-28,AUD,2.28,7725981.0,2021-05-22,3.02,32.46,31.0,2021-03-08,3.02,2931460.0,-,CLOSED,32.46,50.0,62.0,100.0
-,ASX-A2M,2020-09-02,AUD,16.84,53596617.0,2021-05-19,29.84,77.2,75.0,2021-03-22,8.43,26458078.0,-,OPEN,-49.94,-73.0,67.0,-65.0
-,ASX-TWE,2020-09-02,AUD,9.28,38189922.0,2021-04-06,12.58,35.56,41.0,2021-03-22,11.08,18037431.0,2021-08-11,OPEN,19.4,28.0,80.0,55.0
-,ASX-A2M,2020-09-02,AUD,16.84,53596617.0,2021-05-22,28.8,71.02,68.0,2021-03-22,8.43,26458078.0,-,OPEN,-49.94,-73.0,66.0,-70.0
-,ASX-SYR,2020-09-03,AUD,0.4,423483.0,2021-05-27,0.66,65.0,62.0,2020-11-19,0.66,2730281.0,-,CLOSED,65.0,248.0,25.0,100.0
-,ASX-SYR,2020-09-03,AUD,0.4,423483.0,2021-04-24,0.96,140.0,151.0,2020-12-02,0.96,2730281.0,-,CLOSED,140.0,458.0,33.0,100.0
-,ASX-A2M,2020-09-03,AUD,17.15,74373342.0,2021-05-23,29.34,71.08,68.0,2021-03-22,8.43,26458078.0,-,OPEN,-50.85,-75.0,66.0,-72.0
-,ASX-ORA,2020-09-04,AUD,2.34,7723232.0,2021-08-10,3.11,32.91,24.0,2021-03-10,3.11,11284893.0,-,CLOSED,32.91,52.0,47.0,100.0
-,ASX-A2M,2020-09-07,AUD,16.79,37601474.0,2021-05-27,28.72,71.05,68.0,2021-03-22,8.43,26458078.0,-,OPEN,-49.79,-74.0,65.0,-70.0
-,ASX-SEK,2020-09-10,AUD,19.13,16963604.0,2021-07-09,25.91,35.44,30.0,2020-11-17,25.91,13248025.0,-,CLOSED,35.44,154.0,19.0,100.0
-,ASX-SEK,2020-09-10,AUD,19.13,16963604.0,2021-09-04,25.84,35.08,25.0,2020-11-17,25.84,13248025.0,-,CLOSED,35.08,152.0,16.0,100.0
-,ASX-A2M,2020-09-10,AUD,16.47,53395312.0,2021-05-30,28.17,71.04,68.0,2021-03-22,8.43,26458078.0,-,OPEN,-48.82,-74.0,63.0,-69.0
-,ASX-A2M,2020-09-10,AUD,16.47,53395312.0,2021-05-27,29.18,77.17,75.0,2021-03-22,8.43,26458078.0,-,OPEN,-48.82,-74.0,64.0,-63.0
-,ASX-SYR,2020-09-11,AUD,0.42,469712.0,2021-04-11,0.75,78.57,93.0,2020-11-23,0.75,2730281.0,-,CLOSED,78.57,314.0,30.0,100.0
-,ASX-SYR,2020-09-11,AUD,0.42,469712.0,2021-04-14,0.58,38.1,45.0,2020-11-13,0.58,2730281.0,-,CLOSED,38.1,178.0,25.0,100.0
-,ASX-SYR,2020-09-11,AUD,0.42,469712.0,2021-04-25,0.69,64.29,72.0,2020-11-20,0.69,2730281.0,-,CLOSED,64.29,270.0,27.0,100.0
-,ASX-SYR,2020-09-11,AUD,0.42,469712.0,2021-03-07,0.87,107.14,153.0,2020-11-27,0.87,4401230.0,-,CLOSED,107.14,409.0,37.0,100.0
-,ASX-SEK,2020-09-11,AUD,19.22,15344364.0,2021-07-10,26.03,35.43,30.0,2020-11-17,26.03,13248025.0,-,CLOSED,35.43,157.0,19.0,100.0
-,ASX-IGO,2020-09-11,AUD,4.49,25687784.0,2021-05-28,6.06,34.97,34.0,2020-12-11,6.06,12430111.0,-,CLOSED,34.97,113.0,30.0,100.0
-,ASX-SEK,2020-09-11,AUD,19.22,15344364.0,2021-09-05,25.96,35.07,25.0,2020-11-17,25.96,13248025.0,-,CLOSED,35.07,155.0,16.0,100.0
-,ASX-MYX,2020-09-14,AUD,0.36,1160471.0,2021-05-16,0.49,36.11,37.0,2021-03-22,0.355,252234.0,2021-02-23,OPEN,-1.39,-2.0,67.0,-4.0
-,ASX-MYX,2020-09-14,AUD,0.36,1160471.0,2021-03-29,0.47,30.56,39.0,2021-03-22,0.355,252234.0,2021-02-23,OPEN,-1.39,-2.0,83.0,-5.0
-,ASX-A2M,2020-09-15,AUD,16.55,42882457.0,2021-06-04,28.31,71.06,68.0,2021-03-22,8.43,26458078.0,-,OPEN,-49.06,-76.0,62.0,-69.0
-,ASX-MYX,2020-09-15,AUD,0.35,901415.0,2021-05-17,0.48,37.14,38.0,2021-03-22,0.355,252234.0,2021-02-23,OPEN,1.43,2.0,66.0,4.0
-,ASX-MYX,2020-09-15,AUD,0.35,901415.0,2021-03-30,0.46,31.43,40.0,2021-03-22,0.355,252234.0,2021-02-23,OPEN,1.43,2.0,83.0,5.0
-,ASX-SAR,2020-09-15,AUD,5.45,40877259.0,2021-06-15,9.03,65.69,61.0,2021-02-15,4.69,0.0,-,OPEN,-13.94,-27.0,48.0,-21.0
-,ASX-IGO,2020-09-16,AUD,4.7,23052287.0,2021-06-02,6.13,30.43,30.0,2020-12-11,6.13,12430111.0,-,CLOSED,30.43,104.0,29.0,100.0
-,ASX-ORA,2020-09-16,AUD,2.34,11661664.0,2021-08-22,3.11,32.91,24.0,2021-03-10,3.11,11284893.0,-,CLOSED,32.91,55.0,44.0,100.0
-,ASX-SAR,2020-09-18,AUD,5.42,175071131.0,2021-06-01,10.47,93.17,92.0,2021-02-15,4.69,0.0,-,OPEN,-13.47,-26.0,50.0,-14.0
-,ASX-SAR,2020-09-18,AUD,5.42,175071131.0,2021-05-14,7.73,42.62,45.0,2021-02-15,4.69,0.0,-,OPEN,-13.47,-26.0,54.0,-32.0
-,ASX-TWE,2020-09-21,AUD,8.89,24826186.0,2021-04-25,12.05,35.55,41.0,2021-03-22,11.08,18037431.0,2021-08-11,OPEN,24.63,40.0,73.0,69.0
-,ASX-MYX,2020-09-21,AUD,0.38,2634155.0,2021-04-10,0.53,39.47,49.0,2021-03-22,0.355,252234.0,2021-02-23,OPEN,-6.58,-11.0,78.0,-17.0
-,ASX-MYX,2020-09-21,AUD,0.38,2634155.0,2021-05-04,0.53,39.47,44.0,2021-03-22,0.355,252234.0,2021-02-23,OPEN,-6.58,-11.0,70.0,-17.0
-,ASX-BPT,2020-09-21,AUD,1.39,8729535.0,2021-05-01,2.16,55.4,63.0,2021-03-22,1.745,13183243.0,2021-08-15,OPEN,25.54,41.0,71.0,46.0
-,ASX-CGC,2020-09-25,AUD,3.42,2844691.0,2021-04-09,4.86,42.11,54.0,2021-03-22,4.46,13918242.0,2021-02-22,OPEN,30.41,50.0,78.0,72.0
-,ASX-SDF,2020-09-29,AUD,3.28,3821320.0,2021-07-19,4.31,31.4,27.0,2021-03-22,3.86,8362590.0,2021-02-23,OPEN,17.68,30.0,51.0,56.0
-,ASX-WEB,2020-09-30,AUD,3.89,19026488.0,2021-07-04,5.36,37.79,34.0,2020-11-23,5.36,13575227.0,-,CLOSED,37.79,207.0,17.0,100.0
-,ASX-WEB,2020-09-30,AUD,3.89,19026488.0,2021-07-23,8.63,121.85,104.0,2021-03-22,6.15,13575227.0,2021-08-17,OPEN,58.1,98.0,50.0,48.0
-,ASX-REA,2020-10-01,AUD,112.46,25497920.0,2021-04-12,148.36,31.92,42.0,2020-12-09,148.36,32812205.0,-,CLOSED,31.92,136.0,31.0,100.0
-,ASX-GEM,2020-10-01,AUD,0.99,2812633.0,2021-07-09,1.3,31.31,28.0,2020-11-10,1.3,9780999.0,-,CLOSED,31.31,232.0,12.0,100.0
-,ASX-FMG,2020-10-01,AUD,16.68,120037392.0,2021-07-21,22.34,33.93,29.0,2020-12-21,22.34,165066089.0,-,CLOSED,33.93,124.0,24.0,100.0
-,ASX-ORA,2020-10-01,AUD,2.45,15113675.0,2021-09-06,3.25,32.65,24.0,2021-03-22,3.02,2931460.0,2021-08-19,OPEN,23.27,40.0,44.0,71.0
-,ASX-SAR,2020-10-01,AUD,5.16,28033055.0,2021-07-01,8.55,65.7,61.0,2021-02-15,4.69,0.0,-,OPEN,-9.11,-19.0,43.0,-14.0
-,ASX-WEB,2020-10-06,AUD,4.24,21003934.0,2021-05-27,7.24,70.75,77.0,2021-03-22,6.15,13575227.0,2021-08-17,OPEN,45.05,79.0,62.0,64.0
-,ASX-IGO,2020-10-07,AUD,4.39,19918067.0,2021-05-28,5.82,32.57,35.0,2020-12-11,5.82,12430111.0,-,CLOSED,32.57,147.0,24.0,100.0
-,ASX-SYR,2020-10-07,AUD,0.47,205350.0,2021-06-09,1.11,136.17,140.0,2021-01-06,1.11,2730281.0,-,CLOSED,136.17,440.0,32.0,100.0
-,ASX-GEM,2020-10-07,AUD,1.03,3875814.0,2021-03-21,1.56,51.46,79.0,2021-03-19,1.08,2495504.0,-,CLOSED,4.85,9.0,85.0,9.0
-,ASX-GEM,2020-10-07,AUD,1.03,3875814.0,2021-03-08,1.35,31.07,52.0,2021-03-08,1.03,1681546.0,-,CLOSED,0.0,0.0,86.0,0.0
-,ASX-MYX,2020-10-07,AUD,0.32,2267330.0,2021-09-09,0.43,34.37,26.0,2021-03-22,0.355,252234.0,2021-02-23,OPEN,10.94,19.0,42.0,32.0
-,ASX-A2M,2020-10-07,AUD,14.34,51255777.0,2021-06-26,24.53,71.06,68.0,2021-03-22,8.43,26458078.0,-,OPEN,-41.21,-73.0,55.0,-58.0
-,ASX-CGC,2020-10-07,AUD,3.67,8750164.0,2021-04-11,5.24,42.78,58.0,2021-03-22,4.46,13918242.0,2021-02-22,OPEN,21.53,38.0,77.0,50.0
-,ASX-A2M,2020-10-07,AUD,14.34,51255777.0,2021-06-23,25.41,77.2,75.0,2021-03-22,8.43,26458078.0,-,OPEN,-41.21,-73.0,55.0,-53.0
-,ASX-SAR,2020-10-07,AUD,5.94,108570064.0,2021-08-20,9.65,62.46,50.0,2021-02-15,4.69,0.0,-,OPEN,-21.04,-47.0,36.0,-34.0
-,ASX-IGO,2020-10-08,AUD,4.43,11619115.0,2021-05-29,5.88,32.73,35.0,2020-12-11,5.88,12430111.0,-,CLOSED,32.73,150.0,24.0,100.0
-,ASX-MIN,2020-10-08,AUD,25.43,17878658.0,2021-08-28,37.37,46.95,37.0,2021-01-04,37.37,67150350.0,-,CLOSED,46.95,156.0,23.0,100.0
-,ASX-S32,2020-10-08,AUD,2.18,21515333.0,2021-05-19,2.98,36.7,41.0,2021-03-22,2.74,27273656.0,2021-08-19,OPEN,25.69,46.0,64.0,70.0
-,ASX-NWS,2020-10-09,AUD,19.96,2787294.0,2021-09-22,30.04,50.5,37.0,2021-02-15,30.04,16024707.0,-,CLOSED,50.5,115.0,32.0,100.0
-,ASX-SYR,2020-10-09,AUD,0.51,1763557.0,2021-06-01,1.05,105.88,114.0,2020-12-02,1.05,2730281.0,-,CLOSED,105.88,580.0,20.0,100.0
-,ASX-SYR,2020-10-09,AUD,0.51,1763557.0,2021-06-11,1.2,135.29,139.0,2021-01-07,1.2,3883648.0,-,CLOSED,135.29,443.0,31.0,100.0
-,ASX-OZL,2020-10-09,AUD,14.56,17063629.0,2021-09-23,19.19,31.8,23.0,2020-12-07,19.19,31186268.0,-,CLOSED,31.8,160.0,14.0,100.0
-,ASX-CMW,2020-10-09,AUD,0.89,2521000.0,2021-07-13,1.24,39.33,36.0,2021-03-22,0.825,1915852.0,2021-02-27,OPEN,-7.3,-13.0,51.0,-19.0
-,ASX-OZL,2020-10-14,AUD,14.71,13161464.0,2021-10-13,20.75,41.06,28.0,2021-01-08,20.75,31186268.0,-,CLOSED,41.06,140.0,20.0,100.0
-,ASX-NAN,2020-10-14,AUD,5.74,7325554.0,2021-09-21,8.3,44.6,33.0,2021-03-22,6.15,1971462.0,2021-02-23,OPEN,7.14,13.0,40.0,16.0
-,ASX-S32,2020-10-21,AUD,2.22,33816153.0,2021-06-01,3.04,36.94,42.0,2021-03-22,2.74,27273656.0,2021-08-19,OPEN,23.42,45.0,59.0,63.0
-,ASX-CMW,2020-10-23,AUD,0.9,1966586.0,2021-08-19,1.27,41.11,35.0,2021-03-22,0.825,1915852.0,2021-02-27,OPEN,-8.33,-16.0,43.0,-20.0
-,ASX-GEM,2020-10-26,AUD,1.11,10851531.0,2021-04-06,1.48,33.33,52.0,2021-03-22,1.09,2291689.0,2021-02-23,OPEN,-1.8,-4.0,78.0,-5.0
-,ASX-GEM,2020-10-26,AUD,1.11,10851531.0,2021-05-24,1.68,51.35,62.0,2021-03-22,1.09,2291689.0,2021-02-23,OPEN,-1.8,-4.0,60.0,-4.0
-,ASX-MIN,2020-10-27,AUD,25.35,21769745.0,2021-10-14,37.52,48.01,34.0,2021-01-04,37.52,67150350.0,-,CLOSED,48.01,205.0,17.0,100.0
-,ASX-CHC,2020-10-28,AUD,12.54,13205646.0,2021-10-08,17.04,35.89,26.0,2021-03-22,12.76,9067881.0,2021-08-20,OPEN,1.75,4.0,36.0,5.0
-,ASX-IPL,2020-11-02,AUD,1.95,16607775.0,2021-10-09,2.65,35.9,27.0,2021-01-20,2.65,17106057.0,-,CLOSED,35.9,133.0,20.0,100.0
-,ASX-S32,2020-11-02,AUD,2.05,35214203.0,2021-05-12,2.92,42.44,56.0,2021-03-08,2.92,43970927.0,-,CLOSED,42.44,99.0,57.0,100.0
-,ASX-CTD,2020-11-02,AUD,14.67,9361206.0,2021-04-15,19.17,30.67,47.0,2020-11-10,19.17,4350738.0,-,CLOSED,30.67,1288.0,4.0,100.0
-,ASX-WEB,2020-11-03,AUD,3.77,17518085.0,2021-10-08,5.9,56.5,42.0,2020-11-25,5.9,13575227.0,-,CLOSED,56.5,749.0,6.0,100.0
-,ASX-IGO,2020-11-03,AUD,4.65,15809874.0,2021-06-24,6.17,32.69,35.0,2020-12-11,6.17,12430111.0,-,CLOSED,32.69,257.0,14.0,100.0
-,ASX-CTD,2020-11-03,AUD,15.47,11001475.0,2021-04-16,20.22,30.7,47.0,2020-11-10,20.22,4350738.0,-,CLOSED,30.7,1289.0,4.0,100.0
-,ASX-CHC,2020-11-03,AUD,12.54,16558021.0,2021-10-14,17.04,35.89,26.0,2021-03-22,12.76,9067881.0,2021-08-20,OPEN,1.75,4.0,35.0,5.0
-,ASX-CMW,2020-11-03,AUD,0.92,4402728.0,2021-08-30,1.3,41.3,35.0,2021-03-22,0.825,1915852.0,2021-02-27,OPEN,-10.33,-22.0,40.0,-25.0
-,ASX-IRE,2020-11-03,AUD,9.04,5773129.0,2021-10-18,12.17,34.62,25.0,2021-03-22,9.34,3485249.0,2021-08-20,OPEN,3.32,7.0,34.0,10.0
-,ASX-IRE,2020-11-03,AUD,9.04,5773129.0,2021-08-01,11.95,32.19,30.0,2021-03-22,9.34,3485249.0,2021-08-20,OPEN,3.32,7.0,44.0,10.0
-,ASX-MYX,2020-11-03,AUD,0.3,358090.0,2021-10-03,0.41,36.67,28.0,2021-03-22,0.355,252234.0,2021-02-23,OPEN,18.33,38.0,36.0,50.0
-,ASX-SEK,2020-11-04,AUD,21.9,36604580.0,2021-08-14,30.11,37.49,33.0,2021-02-04,30.11,89980591.0,-,CLOSED,37.49,120.0,28.0,100.0
-,ASX-SEK,2020-11-04,AUD,21.9,36604580.0,2021-10-09,29.96,36.8,27.0,2021-02-04,29.96,89980591.0,-,CLOSED,36.8,117.0,23.0,100.0
-,ASX-IRE,2020-11-04,AUD,9.19,6174197.0,2021-10-19,12.37,34.6,25.0,2021-03-22,9.34,3485249.0,2021-08-20,OPEN,1.63,3.0,34.0,5.0
-,ASX-IRE,2020-11-04,AUD,9.19,6174197.0,2021-08-02,12.15,32.21,30.0,2021-03-22,9.34,3485249.0,2021-08-20,OPEN,1.63,3.0,44.0,5.0
-,ASX-A2M,2020-11-05,AUD,13.42,32917582.0,2021-03-10,19.1,42.32,85.0,2021-03-10,8.99,26966269.0,-,CLOSED,-33.01,-77.0,86.0,-78.0
-,ASX-A2M,2020-11-05,AUD,13.42,32917582.0,2021-02-17,17.54,30.7,74.0,2021-02-17,10.14,37489446.0,-,CLOSED,-24.44,-69.0,86.0,-80.0
-,ASX-A2M,2020-11-05,AUD,13.42,32917582.0,2021-02-18,17.48,30.25,73.0,2021-02-18,10.19,29993817.0,-,CLOSED,-24.07,-67.0,86.0,-80.0
-,ASX-A2M,2020-11-05,AUD,13.42,32917582.0,2021-03-30,21.23,58.2,101.0,2021-03-22,8.43,26458078.0,-,OPEN,-37.18,-79.0,81.0,-64.0
-,ASX-A2M,2020-11-05,AUD,13.42,32917582.0,2021-11-02,18.07,34.65,24.0,2021-03-22,8.43,26458078.0,-,OPEN,-37.18,-79.0,33.0,-107.0
-,ASX-A2M,2020-11-05,AUD,13.42,32917582.0,2021-07-25,22.95,71.01,68.0,2021-03-22,8.43,26458078.0,-,OPEN,-37.18,-79.0,45.0,-52.0
-,ASX-A2M,2020-11-05,AUD,13.42,32917582.0,2021-07-22,23.78,77.2,75.0,2021-03-22,8.43,26458078.0,-,OPEN,-37.18,-79.0,46.0,-48.0
-,ASX-MIN,2020-11-06,AUD,26.33,20203445.0,2021-10-24,38.97,48.01,34.0,2021-01-06,38.97,67150350.0,-,CLOSED,48.01,233.0,15.0,100.0
-,ASX-TWE,2020-11-06,AUD,8.75,60246315.0,2021-08-13,11.75,34.29,31.0,2021-02-18,11.75,184469493.0,-,CLOSED,34.29,97.0,32.0,100.0
-,ASX-MIN,2020-11-06,AUD,26.33,20203445.0,2021-09-24,38.84,47.51,37.0,2021-01-06,38.84,67150350.0,-,CLOSED,47.51,230.0,16.0,100.0
-,ASX-TWE,2020-11-06,AUD,8.75,60246315.0,2021-07-16,11.53,31.77,32.0,2021-02-18,11.53,49566541.0,-,CLOSED,31.77,90.0,35.0,100.0
-,ASX-SAR,2020-11-06,AUD,6.2,51807598.0,2021-09-25,10.11,63.06,49.0,2021-02-15,4.69,0.0,-,OPEN,-24.35,-71.0,27.0,-39.0
-,ASX-REA,2020-11-06,AUD,127.89,37242370.0,2021-05-08,180.35,41.02,56.0,2021-03-22,134.43,11459216.0,2021-05-06,OPEN,5.11,11.0,64.0,12.0
-,ASX-A2M,2020-11-06,AUD,13.71,38618918.0,2021-07-23,24.29,77.17,75.0,2021-03-22,8.43,26458078.0,-,OPEN,-38.51,-83.0,45.0,-50.0
-,ASX-A2M,2020-11-06,AUD,13.71,38618918.0,2021-07-26,23.45,71.04,68.0,2021-03-22,8.43,26458078.0,-,OPEN,-38.51,-83.0,45.0,-54.0
-,ASX-CGC,2020-11-06,AUD,3.68,2466406.0,2021-05-11,5.26,42.93,58.0,2021-03-22,4.46,13918242.0,2021-02-22,OPEN,21.2,46.0,63.0,49.0
-,ASX-REA,2020-11-06,AUD,127.89,37242370.0,2021-04-21,167.05,30.62,46.0,2021-03-22,134.43,11459216.0,2021-05-06,OPEN,5.11,11.0,70.0,17.0
-,ASX-WEB,2020-11-06,AUD,4.2,19983596.0,2021-07-25,7.35,75.0,72.0,2021-03-22,6.15,13575227.0,2021-08-17,OPEN,46.43,100.0,45.0,62.0
-,ASX-NAN,2020-11-06,AUD,5.72,6526188.0,2021-10-14,8.27,44.58,33.0,2021-03-22,6.15,1971462.0,2021-02-23,OPEN,7.52,16.0,34.0,17.0
-,ASX-SYR,2020-11-09,AUD,0.49,1418508.0,2021-07-13,1.16,136.73,140.0,2021-01-06,1.16,2730281.0,-,CLOSED,136.73,689.0,20.0,100.0
-,ASX-S32,2020-11-09,AUD,2.2,28614387.0,2021-06-20,3.01,36.82,42.0,2021-03-22,2.74,27273656.0,2021-08-19,OPEN,24.55,54.0,51.0,67.0
-,ASX-MYX,2020-11-09,AUD,0.33,815556.0,2021-06-06,0.46,39.39,47.0,2021-03-22,0.355,252234.0,2021-02-23,OPEN,7.58,17.0,55.0,19.0
-,ASX-OZL,2020-11-10,AUD,15.05,16463490.0,2021-10-15,19.91,32.29,24.0,2021-01-07,19.91,31186268.0,-,CLOSED,32.29,163.0,15.0,100.0
-,ASX-A2M,2020-11-10,AUD,14.32,51992211.0,2021-04-27,20.77,45.04,68.0,2021-03-22,8.43,26458078.0,-,OPEN,-41.13,-91.0,68.0,-91.0
-,ASX-SUL,2020-11-12,AUD,10.23,16347999.0,2021-11-06,14.23,39.1,27.0,2021-03-22,11.72,8151365.0,2021-08-23,OPEN,14.57,33.0,31.0,37.0
-,ASX-CGC,2020-11-12,AUD,3.93,5155714.0,2021-04-09,5.14,30.79,52.0,2021-03-22,4.46,13918242.0,2021-02-22,OPEN,13.49,30.0,76.0,44.0
-,ASX-SUL,2020-11-12,AUD,10.23,16347999.0,2021-09-03,13.61,33.04,28.0,2021-03-22,11.72,8151365.0,2021-08-23,OPEN,14.57,33.0,38.0,44.0
-,ASX-SYR,2020-11-13,AUD,0.56,2142475.0,2021-07-06,1.16,107.14,115.0,2021-01-06,1.16,2730281.0,-,CLOSED,107.14,587.0,20.0,100.0
-,ASX-MYX,2020-11-16,AUD,0.35,58042.0,2021-06-09,0.48,37.14,46.0,2021-03-22,0.355,252234.0,2021-02-23,OPEN,1.43,3.0,53.0,4.0
-,ASX-A2M,2020-11-17,AUD,14.69,107802947.0,2021-04-15,21.7,47.72,81.0,2021-03-22,8.43,26458078.0,-,OPEN,-42.61,-99.0,72.0,-89.0
-,ASX-DMP,2020-11-18,AUD,76.4,31441158.0,2021-11-14,101.16,32.41,23.0,2021-02-17,101.16,52509149.0,-,CLOSED,32.41,105.0,22.0,100.0
-,ASX-BAP,2020-11-19,AUD,7.09,16259166.0,2021-08-24,9.43,33.0,30.0,2021-03-22,7.44,7591315.0,2021-08-17,OPEN,4.94,12.0,38.0,15.0
-,ASX-OZL,2020-11-23,AUD,15.25,20652253.0,2021-10-28,20.18,32.33,24.0,2021-01-07,20.18,31186268.0,-,CLOSED,32.33,214.0,11.0,100.0
-,ASX-OZL,2020-11-24,AUD,15.6,21632681.0,2021-11-21,21.97,40.83,28.0,2021-02-18,21.97,31186268.0,-,CLOSED,40.83,139.0,20.0,100.0
-,ASX-WEB,2020-11-25,AUD,6.01,98278417.0,2021-04-28,11.07,84.19,138.0,2021-03-22,6.15,13575227.0,2021-08-17,OPEN,2.33,6.0,66.0,3.0
-,ASX-NST,2020-11-26,AUD,12.89,45049359.0,2021-11-21,21.2,64.47,45.0,2021-03-22,9.89,66278379.0,2021-08-19,OPEN,-23.27,-59.0,28.0,-36.0
-,ASX-DMP,2020-11-27,AUD,74.66,21634379.0,2021-11-23,98.86,32.41,23.0,2021-02-15,98.86,52509149.0,-,CLOSED,32.41,118.0,19.0,100.0
-,ASX-NST,2020-12-01,AUD,12.86,41849073.0,2021-11-26,21.15,64.46,45.0,2021-03-22,9.89,66278379.0,2021-08-19,OPEN,-23.09,-61.0,26.0,-36.0
-,ASX-CGC,2020-12-01,AUD,4.08,3842475.0,2021-06-05,5.83,42.89,58.0,2021-03-22,4.46,13918242.0,2021-02-22,OPEN,9.31,25.0,51.0,22.0
-,ASX-NXT,2020-12-01,AUD,11.45,25081752.0,2021-09-24,15.08,31.7,27.0,2021-03-22,10.73,7828629.0,2021-02-25,OPEN,-6.29,-17.0,32.0,-20.0
-,ASX-DMP,2020-12-02,AUD,81.95,29470564.0,2021-10-03,106.87,30.41,25.0,2021-02-18,106.87,36153283.0,-,CLOSED,30.41,114.0,22.0,100.0
-,ASX-IGO,2020-12-04,AUD,5.09,15930489.0,2021-09-30,6.69,31.43,26.0,2021-01-04,6.69,62632398.0,-,CLOSED,31.43,305.0,9.0,100.0
-,ASX-A2M,2020-12-04,AUD,13.48,50907975.0,2021-08-23,23.06,71.07,68.0,2021-03-22,8.43,26458078.0,-,OPEN,-37.46,-102.0,35.0,-53.0
-,ASX-MYX,2020-12-07,AUD,0.38,1169009.0,2021-07-04,0.53,39.47,48.0,2021-03-22,0.355,252234.0,2021-02-23,OPEN,-6.58,-18.0,43.0,-17.0
-,ASX-GEM,2020-12-07,AUD,1.29,9780999.0,2021-05-18,1.72,33.33,52.0,2021-03-22,1.09,2291689.0,2021-02-23,OPEN,-15.5,-43.0,56.0,-47.0
-,ASX-BAP,2020-12-08,AUD,6.94,9803165.0,2021-09-12,9.23,33.0,30.0,2021-03-22,7.44,7591315.0,2021-08-17,OPEN,7.2,20.0,32.0,22.0
-,ASX-CNU,2020-12-09,AUD,7.54,4380821.0,2021-10-25,10.11,34.08,27.0,2021-03-22,7.19,2418385.0,-,OPEN,-4.64,-13.0,28.0,-14.0
-,ASX-NST,2020-12-11,AUD,12.39,31030695.0,2021-12-06,20.37,64.41,45.0,2021-03-22,9.89,66278379.0,2021-08-19,OPEN,-20.18,-58.0,24.0,-31.0
-,ASX-CNU,2020-12-16,AUD,7.23,3703935.0,2021-11-01,9.69,34.02,27.0,2021-03-22,7.19,2418385.0,-,OPEN,-0.55,-2.0,26.0,-2.0
-,ASX-CNU,2020-12-16,AUD,7.23,3703935.0,2021-11-16,10.23,41.49,31.0,2021-03-22,7.19,2418385.0,-,OPEN,-0.55,-2.0,24.0,-1.0
-,ASX-NST,2020-12-16,AUD,12.19,41897927.0,2021-12-11,20.05,64.48,45.0,2021-03-22,9.89,66278379.0,2021-08-19,OPEN,-18.87,-58.0,23.0,-29.0
-,ASX-A2M,2020-12-21,AUD,10.26,112902076.0,2021-09-25,17.9,74.46,67.0,2021-03-22,8.43,26458078.0,-,OPEN,-17.84,-58.0,28.0,-24.0
-,ASX-A2M,2020-12-21,AUD,10.26,112902076.0,2021-09-21,18.52,80.51,74.0,2021-03-22,8.43,26458078.0,-,OPEN,-17.84,-58.0,28.0,-22.0
-,ASX-NAN,2020-12-21,AUD,7.83,9659793.0,2021-07-22,10.78,37.68,45.0,2021-03-22,6.15,1971462.0,2021-02-23,OPEN,-21.46,-69.0,37.0,-57.0
-,ASX-A2M,2020-12-21,AUD,10.26,112902076.0,2021-04-05,13.36,30.21,73.0,2021-03-22,8.43,26458078.0,-,OPEN,-17.84,-58.0,74.0,-59.0
-,ASX-A2M,2020-12-21,AUD,10.26,112902076.0,2021-12-18,13.81,34.6,24.0,2021-03-22,8.43,26458078.0,-,OPEN,-17.84,-58.0,22.0,-52.0
-,ASX-A2M,2020-12-21,AUD,10.26,112902076.0,2021-06-25,17.18,67.45,91.0,2021-03-22,8.43,26458078.0,-,OPEN,-17.84,-58.0,42.0,-26.0
-,ASX-A2M,2020-12-21,AUD,10.26,112902076.0,2021-04-25,14.6,42.3,85.0,2021-03-22,8.43,26458078.0,-,OPEN,-17.84,-58.0,62.0,-42.0
-,ASX-A2M,2020-12-21,AUD,10.26,112902076.0,2021-04-04,13.41,30.7,74.0,2021-03-22,8.43,26458078.0,-,OPEN,-17.84,-58.0,75.0,-58.0
-,ASX-SAR,2020-12-22,AUD,4.71,24314931.0,2021-11-09,7.66,62.63,49.0,2021-02-15,4.69,0.0,-,OPEN,-0.42,-2.0,15.0,-1.0
-,ASX-SAR,2020-12-22,AUD,4.71,24314931.0,2021-11-09,7.66,62.63,49.0,2021-02-15,4.69,0.0,-,OPEN,-0.42,-2.0,15.0,-1.0
-,ASX-WHC,2020-12-22,AUD,1.61,13574991.0,2021-05-28,2.34,45.34,73.0,2021-03-22,1.755,21514968.0,2021-08-26,OPEN,9.01,29.0,49.0,20.0
-,ASX-CGC,2020-12-22,AUD,4.01,2456792.0,2021-07-17,6.3,57.11,70.0,2021-03-22,4.46,13918242.0,2021-02-22,OPEN,11.22,37.0,37.0,20.0
-,ASX-A2M,2020-12-22,AUD,10.77,112287697.0,2021-09-26,18.79,74.47,68.0,2021-03-22,8.43,26458078.0,-,OPEN,-21.73,-71.0,28.0,-29.0
-,ASX-A2M,2020-12-22,AUD,10.77,112287697.0,2021-12-19,14.5,34.63,24.0,2021-03-22,8.43,26458078.0,-,OPEN,-21.73,-71.0,21.0,-63.0
-,ASX-A2M,2020-12-22,AUD,10.77,112287697.0,2021-04-06,14.03,30.27,73.0,2021-03-22,8.43,26458078.0,-,OPEN,-21.73,-71.0,73.0,-72.0
-,ASX-A2M,2020-12-22,AUD,10.77,112287697.0,2021-04-05,14.08,30.73,74.0,2021-03-22,8.43,26458078.0,-,OPEN,-21.73,-71.0,74.0,-71.0
-,ASX-A2M,2020-12-22,AUD,10.77,112287697.0,2021-04-26,15.33,42.34,85.0,2021-03-22,8.43,26458078.0,-,OPEN,-21.73,-71.0,62.0,-51.0
-,ASX-A2M,2020-12-22,AUD,10.77,112287697.0,2021-06-26,18.04,67.5,91.0,2021-03-22,8.43,26458078.0,-,OPEN,-21.73,-71.0,41.0,-32.0
-,ASX-A2M,2020-12-22,AUD,10.77,112287697.0,2021-09-22,19.44,80.5,74.0,2021-03-22,8.43,26458078.0,-,OPEN,-21.73,-71.0,28.0,-27.0
-,ASX-A2M,2020-12-23,AUD,11.03,104488911.0,2021-09-27,19.24,74.43,67.0,2021-03-22,8.43,26458078.0,-,OPEN,-23.57,-78.0,27.0,-32.0
-,ASX-CTD,2020-12-23,AUD,17.56,8412417.0,2021-07-07,24.14,37.47,48.0,2021-03-22,21.0,4350738.0,2021-08-19,OPEN,19.59,65.0,39.0,52.0
-,ASX-A2M,2020-12-23,AUD,11.03,104488911.0,2021-09-23,19.9,80.42,74.0,2021-03-22,8.43,26458078.0,-,OPEN,-23.57,-78.0,28.0,-29.0
-,ASX-A2M,2020-12-23,AUD,11.03,104488911.0,2021-04-27,15.7,42.34,85.0,2021-03-22,8.43,26458078.0,-,OPEN,-23.57,-78.0,61.0,-56.0
-,ASX-A2M,2020-12-23,AUD,11.03,104488911.0,2021-04-06,14.42,30.73,74.0,2021-03-22,8.43,26458078.0,-,OPEN,-23.57,-78.0,73.0,-77.0
-,ASX-A2M,2020-12-23,AUD,11.03,104488911.0,2021-04-07,14.37,30.28,73.0,2021-03-22,8.43,26458078.0,-,OPEN,-23.57,-78.0,72.0,-78.0
-,ASX-A2M,2020-12-23,AUD,11.03,104488911.0,2021-12-20,14.85,34.63,24.0,2021-03-22,8.43,26458078.0,-,OPEN,-23.57,-78.0,21.0,-68.0
-,ASX-A2M,2020-12-23,AUD,11.03,104488911.0,2021-06-27,18.47,67.45,91.0,2021-03-22,8.43,26458078.0,-,OPEN,-23.57,-78.0,41.0,-35.0
-,ASX-SZL,2020-12-24,AUD,6.48,1344788.0,2021-01-06,8.75,35.03,679.0,2021-01-06,6.42,3547743.0,-,CLOSED,-0.93,-21.0,85.0,-3.0
-,ASX-SZL,2020-12-24,AUD,6.48,1344788.0,2021-01-06,8.75,35.03,679.0,2021-01-06,6.42,3547743.0,-,CLOSED,-0.93,-21.0,85.0,-3.0
-,ASX-SZL,2020-12-24,AUD,6.48,1344788.0,2021-01-06,8.75,35.03,679.0,2021-01-06,6.42,3547743.0,-,CLOSED,-0.93,-21.0,85.0,-3.0
-,ASX-A2M,2020-12-29,AUD,11.56,62431772.0,2021-10-03,20.17,74.48,68.0,2021-03-22,8.43,26458078.0,-,OPEN,-27.08,-96.0,26.0,-36.0
-,ASX-A2M,2020-12-29,AUD,11.56,62431772.0,2021-09-29,20.86,80.45,74.0,2021-03-22,8.43,26458078.0,-,OPEN,-27.08,-96.0,26.0,-34.0
-,ASX-WEB,2020-12-30,AUD,5.26,20909031.0,2021-11-18,13.26,152.09,119.0,2021-03-22,6.15,13575227.0,2021-08-17,OPEN,16.92,61.0,22.0,11.0
-,ASX-GEM,2020-12-30,AUD,1.2,1205165.0,2021-06-20,1.59,32.5,48.0,2021-03-22,1.09,2291689.0,2021-02-23,OPEN,-9.17,-33.0,41.0,-28.0
-,ASX-GEM,2020-12-30,AUD,1.2,1205165.0,2021-07-02,1.76,46.67,64.0,2021-03-22,1.09,2291689.0,2021-02-23,OPEN,-9.17,-33.0,38.0,-20.0
-,ASX-SAR,2020-12-31,AUD,4.75,11194713.0,2021-10-31,7.72,62.53,52.0,2021-02-15,4.69,0.0,-,OPEN,-1.26,-8.0,13.0,-2.0
-,ASX-SAR,2020-12-31,AUD,4.75,11194713.0,2021-10-31,7.72,62.53,52.0,2021-02-15,4.69,0.0,-,OPEN,-1.26,-8.0,13.0,-2.0
-,ASX-CGC,2020-12-31,AUD,4.08,3458207.0,2021-06-17,5.82,42.65,64.0,2021-03-22,4.46,13918242.0,2021-02-22,OPEN,9.31,34.0,41.0,22.0
-,ASX-IGO,2021-01-04,AUD,6.72,26501657.0,2021-11-08,8.98,33.63,28.0,2021-03-22,6.24,12430111.0,2021-08-30,OPEN,-7.14,-27.0,21.0,-21.0
-,ASX-CTD,2021-01-06,AUD,17.2,7379092.0,2021-07-21,23.64,37.44,48.0,2021-03-22,21.0,4350738.0,2021-08-19,OPEN,22.09,87.0,33.0,59.0
-,ASX-S32,2021-01-07,AUD,2.62,62717587.0,2021-08-18,3.58,36.64,41.0,2021-03-22,2.74,27273656.0,2021-08-19,OPEN,4.58,18.0,28.0,13.0
-,ASX-MYX,2021-01-07,AUD,0.35,610908.0,2021-08-04,0.49,40.0,48.0,2021-03-22,0.355,252234.0,2021-02-23,OPEN,1.43,6.0,30.0,4.0
-,ASX-WHC,2021-01-12,AUD,1.6,12911434.0,2021-05-02,2.32,45.0,103.0,2021-03-22,1.755,21514968.0,2021-08-26,OPEN,9.69,41.0,54.0,22.0
-,ASX-CTD,2021-01-13,AUD,16.24,6417366.0,2021-07-28,22.32,37.44,48.0,2021-03-15,22.32,11388904.0,-,CLOSED,37.44,181.0,27.0,100.0
-,ASX-BAP,2021-01-13,AUD,7.88,8986880.0,2021-12-27,10.37,31.6,23.0,2021-03-22,7.44,7591315.0,2021-08-17,OPEN,-5.58,-24.0,17.0,-18.0
-,ASX-SYD,2021-01-14,AUD,6.15,26514458.0,2022-01-05,8.0,30.08,21.0,2021-03-22,6.14,25231022.0,2021-02-23,OPEN,-0.16,-1.0,16.0,-1.0
-,ASX-WHC,2021-01-14,AUD,1.8,32508003.0,2021-06-20,2.62,45.56,73.0,2021-03-22,1.755,21514968.0,2021-08-26,OPEN,-2.5,-11.0,36.0,-5.0
-,ASX-MYX,2021-01-15,AUD,0.35,224347.0,2021-08-19,0.47,34.29,40.0,2021-03-22,0.355,252234.0,2021-02-23,OPEN,1.43,6.0,26.0,4.0
-,ASX-MYX,2021-01-18,AUD,0.36,568409.0,2021-08-15,0.5,38.89,47.0,2021-03-22,0.355,252234.0,2021-02-23,OPEN,-1.39,-6.0,26.0,-4.0
-,ASX-CTD,2021-01-19,AUD,16.18,5631142.0,2021-06-15,21.79,34.67,59.0,2021-03-11,21.79,9466506.0,-,CLOSED,34.67,199.0,30.0,100.0
-,ASX-CTD,2021-01-19,AUD,16.18,5631142.0,2021-08-03,22.24,37.45,48.0,2021-03-15,22.24,11388904.0,-,CLOSED,37.45,201.0,24.0,100.0
-,ASX-CHC,2021-01-19,AUD,13.34,19572848.0,2021-12-05,18.25,36.81,29.0,2021-03-22,12.76,9067881.0,2021-08-20,OPEN,-4.35,-21.0,17.0,-12.0
-,ASX-GEM,2021-01-20,AUD,1.18,1868884.0,2021-07-23,1.73,46.61,64.0,2021-03-22,1.09,2291689.0,2021-02-23,OPEN,-7.63,-37.0,28.0,-16.0
-,ASX-GEM,2021-01-20,AUD,1.18,1868884.0,2021-07-11,1.56,32.2,47.0,2021-03-22,1.09,2291689.0,2021-02-23,OPEN,-7.63,-37.0,30.0,-24.0
-,ASX-WEB,2021-01-21,AUD,5.04,16709722.0,2021-12-10,12.71,152.18,119.0,2021-03-22,6.15,13575227.0,2021-08-17,OPEN,22.02,109.0,16.0,14.0
-,ASX-WSA,2021-01-21,AUD,2.93,7149804.0,2021-07-29,4.21,43.69,58.0,2021-03-22,2.06,6745357.0,2021-02-22,OPEN,-29.69,-147.0,27.0,-68.0
-,ASX-SAR,2021-01-21,AUD,5.14,104627741.0,2021-12-12,8.39,63.23,49.0,2021-02-15,4.69,0.0,-,OPEN,-8.75,-105.0,6.0,-14.0
-,ASX-SAR,2021-01-21,AUD,5.14,104627741.0,2021-12-12,8.39,63.23,49.0,2021-02-15,4.69,0.0,-,OPEN,-8.75,-105.0,6.0,-14.0
-,ASX-A2M,2021-01-22,AUD,10.14,30154302.0,2021-10-27,17.69,74.46,67.0,2021-03-22,8.43,26458078.0,-,OPEN,-16.86,-85.0,18.0,-23.0
-,ASX-A2M,2021-01-22,AUD,10.14,30154302.0,2021-10-23,18.3,80.47,74.0,2021-03-22,8.43,26458078.0,-,OPEN,-16.86,-85.0,18.0,-21.0
-,ASX-A2M,2021-01-25,AUD,10.19,17168428.0,2021-10-30,17.78,74.48,68.0,2021-03-22,8.43,26458078.0,-,OPEN,-17.27,-91.0,17.0,-23.0
-,ASX-A2M,2021-01-25,AUD,10.19,17168428.0,2021-10-26,18.39,80.47,74.0,2021-03-22,8.43,26458078.0,-,OPEN,-17.27,-91.0,18.0,-21.0
-,ASX-A2M,2021-01-27,AUD,10.66,60939660.0,2021-08-07,15.94,49.53,65.0,2021-03-22,8.43,26458078.0,-,OPEN,-20.92,-115.0,24.0,-42.0
-,ASX-REA,2021-01-27,AUD,146.5,36590731.0,2021-08-06,205.36,40.18,53.0,2021-03-22,134.43,11459216.0,2021-05-06,OPEN,-8.24,-45.0,24.0,-21.0
-,ASX-REA,2021-01-27,AUD,146.5,36590731.0,2021-06-26,202.83,38.45,65.0,2021-03-22,134.43,11459216.0,2021-05-06,OPEN,-8.24,-45.0,31.0,-21.0
-,ASX-SFR,2021-01-29,AUD,4.78,3451547.0,2022-01-04,16.56,246.44,183.0,2021-03-22,5.75,4167939.0,2021-02-25,OPEN,20.29,116.0,13.0,8.0
-,ASX-WHC,2021-02-01,AUD,1.53,23146795.0,2021-12-06,3.82,149.67,122.0,2021-03-22,1.755,21514968.0,2021-08-26,OPEN,14.71,88.0,14.0,10.0
-,ASX-WSA,2021-02-01,AUD,2.44,7640243.0,2021-09-07,3.83,56.97,66.0,2021-03-22,2.06,6745357.0,2021-02-22,OPEN,-15.57,-93.0,19.0,-27.0
-,ASX-SFR,2021-02-01,AUD,4.81,4695000.0,2022-01-07,16.66,246.36,183.0,2021-03-22,5.75,4167939.0,2021-02-25,OPEN,19.54,117.0,12.0,8.0
-,ASX-MYX,2021-02-02,AUD,0.32,445458.0,2021-12-29,0.44,37.5,29.0,2021-03-22,0.355,252234.0,2021-02-23,OPEN,10.94,67.0,12.0,29.0
-,ASX-SYD,2021-02-02,AUD,5.87,21433855.0,2022-01-18,7.73,31.69,23.0,2021-03-22,6.14,25231022.0,2021-02-23,OPEN,4.6,28.0,12.0,15.0
-,ASX-SFR,2021-02-02,AUD,4.82,3530470.0,2022-01-10,16.64,245.23,181.0,2021-03-22,5.75,4167939.0,2021-02-25,OPEN,19.29,119.0,12.0,8.0
-,ASX-CAR,2021-02-03,AUD,21.25,21596248.0,2022-01-31,27.68,30.26,21.0,2021-03-22,18.5,12305590.0,2021-08-17,OPEN,-12.94,-82.0,11.0,-43.0
-,ASX-REA,2021-02-03,AUD,154.98,36422869.0,2021-07-29,210.29,35.69,51.0,2021-03-22,134.43,11459216.0,2021-05-06,OPEN,-13.26,-84.0,23.0,-37.0
-,ASX-REA,2021-02-03,AUD,154.98,36422869.0,2021-06-08,205.32,32.48,65.0,2021-03-22,134.43,11459216.0,2021-05-06,OPEN,-13.26,-84.0,32.0,-41.0
-,ASX-WEB,2021-02-03,AUD,5.19,29788903.0,2021-11-19,9.94,91.52,80.0,2021-03-22,6.15,13575227.0,2021-08-17,OPEN,18.5,117.0,14.0,20.0
-,ASX-CCP,2021-02-03,AUD,33.58,30973973.0,2021-11-12,44.82,33.47,30.0,2021-03-22,33.5,2754303.0,-,OPEN,-0.24,-2.0,14.0,-1.0
-,ASX-CCP,2021-02-03,AUD,33.58,30973973.0,2021-11-13,43.92,30.79,27.0,2021-03-22,33.5,2754303.0,-,OPEN,-0.24,-2.0,14.0,-1.0
-,ASX-S32,2021-02-04,AUD,2.73,50349808.0,2021-09-15,3.73,36.63,41.0,2021-03-22,2.74,27273656.0,2021-08-19,OPEN,0.37,2.0,17.0,1.0
-,ASX-CGC,2021-02-04,AUD,4.16,6048345.0,2021-08-30,6.54,57.21,70.0,2021-03-22,4.46,13918242.0,2021-02-22,OPEN,7.21,47.0,19.0,13.0
-,ASX-BAP,2021-02-04,AUD,7.94,6738943.0,2022-01-18,10.45,31.61,23.0,2021-03-22,7.44,7591315.0,2021-08-17,OPEN,-6.3,-41.0,11.0,-20.0
-,ASX-GEM,2021-02-04,AUD,1.18,2136517.0,2021-07-16,1.57,33.05,51.0,2021-03-22,1.09,2291689.0,2021-02-23,OPEN,-7.63,-49.0,24.0,-23.0
-,ASX-SZL,2021-02-05,AUD,8.83,5130786.0,2021-02-22,11.99,35.79,531.0,2021-02-16,11.99,20101494.0,-,CLOSED,35.79,1002.0,53.0,100.0
-,ASX-NAN,2021-02-05,AUD,7.55,7659037.0,2022-01-11,10.78,42.78,32.0,2021-03-22,6.15,1971462.0,2021-02-23,OPEN,-18.54,-123.0,11.0,-43.0
-,ASX-CGC,2021-02-08,AUD,4.2,2435375.0,2021-07-26,5.99,42.62,64.0,2021-03-22,4.46,13918242.0,2021-02-22,OPEN,6.19,43.0,21.0,15.0
-,ASX-NST,2021-02-08,AUD,11.98,77359685.0,2022-02-03,19.7,64.44,45.0,2021-03-22,9.89,66278379.0,2021-08-19,OPEN,-17.45,-122.0,10.0,-27.0
-,ASX-NST,2021-02-10,AUD,12.09,62792609.0,2022-02-05,19.08,57.82,40.0,2021-03-22,9.89,66278379.0,2021-08-19,OPEN,-18.2,-135.0,9.0,-31.0
-,ASX-MYX,2021-02-10,AUD,0.33,1079330.0,2022-01-10,0.45,36.36,27.0,2021-03-22,0.355,252234.0,2021-02-23,OPEN,7.58,56.0,10.0,21.0
-,ASX-A2M,2021-02-16,AUD,10.1,47699543.0,2021-11-21,17.62,74.46,67.0,2021-03-22,8.43,26458078.0,-,OPEN,-16.53,-144.0,10.0,-22.0
-,ASX-WSA,2021-02-16,AUD,2.59,4714284.0,2021-08-24,3.72,43.63,58.0,2021-03-22,2.06,6745357.0,2021-02-22,OPEN,-20.46,-178.0,15.0,-47.0
-,ASX-S32,2021-02-18,AUD,2.72,39122032.0,2021-09-29,3.72,36.76,42.0,2021-03-22,2.74,27273656.0,2021-08-19,OPEN,0.74,7.0,12.0,2.0
-,ASX-CCP,2021-02-19,AUD,33.0,6523846.0,2021-11-26,44.0,33.33,30.0,2021-03-22,33.5,2754303.0,-,OPEN,1.52,15.0,9.0,5.0
-,ASX-NST,2021-02-22,AUD,10.67,72378177.0,2022-02-17,17.55,64.48,45.0,2021-03-22,9.89,66278379.0,2021-08-19,OPEN,-7.31,-77.0,7.0,-11.0
-,ASX-A2M,2021-02-22,AUD,10.53,35895496.0,2021-09-02,15.75,49.57,65.0,2021-03-22,8.43,26458078.0,-,OPEN,-19.94,-209.0,12.0,-40.0
-,ASX-IGO,2021-02-22,AUD,6.99,32742894.0,2021-12-02,9.19,31.47,28.0,2021-03-22,6.24,12430111.0,2021-08-30,OPEN,-10.73,-113.0,8.0,-34.0
-,ASX-WEB,2021-02-22,AUD,5.37,53095709.0,2022-01-11,13.54,152.14,119.0,2021-03-22,6.15,13575227.0,2021-08-17,OPEN,14.53,153.0,7.0,10.0
-,ASX-NST,2021-02-23,AUD,10.85,96197482.0,2022-02-18,17.84,64.42,45.0,2021-03-22,9.89,66278379.0,2021-08-19,OPEN,-8.85,-97.0,6.0,-14.0
-,ASX-WEB,2021-02-23,AUD,5.52,35739240.0,2021-12-02,13.56,145.65,130.0,2021-03-22,6.15,13575227.0,2021-08-17,OPEN,11.41,125.0,8.0,8.0
-,ASX-CNU,2021-02-24,AUD,7.12,1720511.0,2022-01-25,10.07,41.43,31.0,2021-03-22,7.19,2418385.0,-,OPEN,0.98,11.0,7.0,2.0
-,ASX-CNU,2021-02-24,AUD,7.12,1720511.0,2022-01-10,9.55,34.13,27.0,2021-03-22,7.19,2418385.0,-,OPEN,0.98,11.0,7.0,3.0
-,ASX-CGC,2021-02-24,AUD,4.5,18893963.0,2021-09-19,7.07,57.11,70.0,2021-03-22,4.46,13918242.0,2021-02-22,OPEN,-0.89,-10.0,11.0,-2.0
-,ASX-BAP,2021-02-24,AUD,7.04,8345505.0,2021-12-10,9.3,32.1,28.0,2021-03-22,7.44,7591315.0,2021-08-17,OPEN,5.68,65.0,8.0,18.0
-,ASX-NAN,2021-02-25,AUD,6.09,16950169.0,2022-01-27,7.98,31.03,23.0,2021-03-22,6.15,1971462.0,2021-02-23,OPEN,0.99,12.0,6.0,3.0
-,ASX-CNU,2021-02-25,AUD,7.33,9831202.0,2022-01-10,9.82,33.97,27.0,2021-03-22,7.19,2418385.0,-,OPEN,-1.91,-23.0,7.0,-6.0
-,ASX-NXT,2021-02-25,AUD,11.41,31534148.0,2022-01-10,15.11,32.43,26.0,2021-03-22,10.73,7828629.0,2021-02-25,OPEN,-5.96,-72.0,7.0,-18.0
-,ASX-REA,2021-02-25,AUD,142.32,41533829.0,2021-11-21,204.87,43.95,41.0,2021-03-22,134.43,11459216.0,2021-05-06,OPEN,-5.54,-66.0,8.0,-13.0
-,ASX-REA,2021-02-25,AUD,142.32,41533829.0,2021-11-18,203.63,43.08,41.0,2021-03-22,134.43,11459216.0,2021-05-06,OPEN,-5.54,-66.0,8.0,-13.0
-,ASX-GEM,2021-02-25,AUD,1.08,4674538.0,2021-12-04,1.61,49.07,44.0,2021-03-22,1.09,2291689.0,2021-02-23,OPEN,0.93,11.0,7.0,2.0
-,ASX-GEM,2021-02-25,AUD,1.08,4674538.0,2021-12-13,1.67,54.63,47.0,2021-03-22,1.09,2291689.0,2021-02-23,OPEN,0.93,11.0,7.0,2.0
-,ASX-SEK,2021-02-25,AUD,26.01,52544284.0,2022-01-18,36.15,38.99,30.0,2021-03-22,27.58,13248025.0,2021-02-23,OPEN,6.04,72.0,6.0,15.0
-,ASX-A2M,2021-02-26,AUD,8.99,115268467.0,2021-08-31,15.06,67.52,91.0,2021-03-22,8.43,26458078.0,-,OPEN,-6.23,-78.0,11.0,-9.0
-,ASX-A2M,2021-02-26,AUD,8.99,115268467.0,2021-07-01,12.8,42.38,85.0,2021-03-22,8.43,26458078.0,-,OPEN,-6.23,-78.0,16.0,-15.0
-,ASX-A2M,2021-02-26,AUD,8.99,115268467.0,2021-06-10,11.75,30.7,74.0,2021-03-22,8.43,26458078.0,-,OPEN,-6.23,-78.0,19.0,-20.0
-,ASX-A2M,2021-02-26,AUD,8.99,115268467.0,2021-06-11,11.71,30.26,73.0,2021-03-22,8.43,26458078.0,-,OPEN,-6.23,-78.0,19.0,-21.0
-,ASX-A2M,2021-02-26,AUD,8.99,115268467.0,2022-02-23,12.1,34.59,24.0,2021-03-22,8.43,26458078.0,-,OPEN,-6.23,-78.0,6.0,-18.0
-,ASX-A2M,2021-02-26,AUD,8.99,115268467.0,2021-12-01,15.68,74.42,67.0,2021-03-22,8.43,26458078.0,-,OPEN,-6.23,-78.0,7.0,-8.0
-,ASX-A2M,2021-02-26,AUD,8.99,115268467.0,2021-11-27,16.22,80.42,74.0,2021-03-22,8.43,26458078.0,-,OPEN,-6.23,-78.0,7.0,-8.0
-,ASX-NST,2021-02-26,AUD,10.21,115219262.0,2022-02-21,16.79,64.45,45.0,2021-03-22,9.89,66278379.0,2021-08-19,OPEN,-3.13,-39.0,6.0,-5.0
-,ASX-BAP,2021-03-01,AUD,6.97,10568081.0,2022-01-16,10.27,47.35,37.0,2021-03-22,7.44,7591315.0,2021-08-17,OPEN,6.74,94.0,6.0,14.0
-,ASX-SEK,2021-03-01,AUD,26.74,33280818.0,2022-01-22,37.17,39.01,30.0,2021-03-22,27.58,13248025.0,2021-02-23,OPEN,3.14,44.0,6.0,8.0
-,ASX-BAP,2021-03-01,AUD,6.97,10568081.0,2021-12-15,9.21,32.14,28.0,2021-03-22,7.44,7591315.0,2021-08-17,OPEN,6.74,94.0,6.0,21.0
-,ASX-REA,2021-03-01,AUD,139.33,37791994.0,2022-01-13,207.38,48.84,39.0,2021-03-22,134.43,11459216.0,2021-05-06,OPEN,-3.52,-49.0,6.0,-7.0
-,ASX-REA,2021-03-01,AUD,139.33,37791994.0,2021-11-25,200.57,43.95,41.0,2021-03-22,134.43,11459216.0,2021-05-06,OPEN,-3.52,-49.0,7.0,-8.0
-,ASX-REA,2021-03-01,AUD,139.33,37791994.0,2021-11-22,199.35,43.08,41.0,2021-03-22,134.43,11459216.0,2021-05-06,OPEN,-3.52,-49.0,7.0,-8.0
-,ASX-REA,2021-03-01,AUD,139.33,37791994.0,2021-10-30,202.7,45.48,47.0,2021-03-22,134.43,11459216.0,2021-05-06,OPEN,-3.52,-49.0,7.0,-8.0
-,ASX-CHC,2021-03-01,AUD,12.52,22307310.0,2022-01-15,17.12,36.74,29.0,2021-03-22,12.76,9067881.0,2021-08-20,OPEN,1.92,27.0,6.0,5.0
-,ASX-BRG,2021-03-01,AUD,28.0,9499224.0,2022-02-26,36.53,30.46,21.0,2021-03-22,27.58,7330654.0,2021-08-13,OPEN,-1.5,-21.0,5.0,-5.0
-,ASX-BRG,2021-03-01,AUD,28.0,9499224.0,2022-02-26,36.53,30.46,21.0,2021-03-22,27.58,7330654.0,2021-08-13,OPEN,-1.5,-21.0,5.0,-5.0
-,ASX-MYX,2021-03-01,AUD,0.28,824678.0,2022-01-29,0.38,35.71,27.0,2021-03-22,0.355,252234.0,2021-02-23,OPEN,26.79,375.0,5.0,75.0
-,ASX-BAP,2021-03-02,AUD,7.02,12724059.0,2021-12-16,9.27,32.05,28.0,2021-03-22,7.44,7591315.0,2021-08-17,OPEN,5.98,89.0,6.0,19.0
-,ASX-A2M,2021-03-02,AUD,9.54,101008242.0,2021-12-01,17.22,80.5,74.0,2021-03-22,8.43,26458078.0,-,OPEN,-11.64,-173.0,6.0,-14.0
-,ASX-REA,2021-03-02,AUD,141.6,31511970.0,2021-11-26,203.83,43.95,41.0,2021-03-22,134.43,11459216.0,2021-05-06,OPEN,-5.06,-75.0,6.0,-12.0
-,ASX-REA,2021-03-02,AUD,141.6,31511970.0,2021-11-23,202.6,43.08,41.0,2021-03-22,134.43,11459216.0,2021-05-06,OPEN,-5.06,-75.0,6.0,-12.0
-,ASX-A2M,2021-03-02,AUD,9.54,101008242.0,2021-12-05,16.64,74.42,67.0,2021-03-22,8.43,26458078.0,-,OPEN,-11.64,-173.0,6.0,-16.0
-,ASX-MYX,2021-03-03,AUD,0.29,1594685.0,2022-01-31,0.39,34.48,26.0,2021-03-22,0.355,252234.0,2021-02-23,OPEN,22.41,353.0,5.0,65.0
-,ASX-BRG,2021-03-03,AUD,28.04,7652593.0,2022-02-28,36.58,30.46,21.0,2021-03-22,27.58,7330654.0,2021-08-13,OPEN,-1.64,-26.0,4.0,-5.0
-,ASX-NST,2021-03-03,AUD,9.92,54114121.0,2022-02-26,16.31,64.42,45.0,2021-03-22,9.89,66278379.0,2021-08-19,OPEN,-0.3,-5.0,4.0,0.0
-,ASX-CCP,2021-03-03,AUD,33.33,4266773.0,2021-12-16,43.61,30.84,27.0,2021-03-22,33.5,2754303.0,-,OPEN,0.51,8.0,6.0,2.0
-,ASX-BRG,2021-03-03,AUD,28.04,7652593.0,2022-02-28,36.58,30.46,21.0,2021-03-22,27.58,7330654.0,2021-08-13,OPEN,-1.64,-26.0,4.0,-5.0
-,ASX-GEM,2021-03-04,AUD,1.04,2514899.0,2021-12-24,1.58,51.92,44.0,2021-03-22,1.09,2291689.0,2021-02-23,OPEN,4.81,81.0,5.0,9.0
-,ASX-GEM,2021-03-04,AUD,1.04,2514899.0,2021-12-01,1.53,47.12,44.0,2021-03-22,1.09,2291689.0,2021-02-23,OPEN,4.81,81.0,6.0,10.0
-,ASX-CCP,2021-03-04,AUD,33.05,5661035.0,2021-12-22,44.99,36.13,31.0,2021-03-22,33.5,2754303.0,-,OPEN,1.36,23.0,5.0,4.0
-,ASX-WHC,2021-03-05,AUD,1.66,14760338.0,2021-08-09,2.41,45.18,73.0,2021-03-22,1.755,21514968.0,2021-08-26,OPEN,5.72,103.0,9.0,13.0
-,ASX-CHC,2021-03-08,AUD,12.03,11239858.0,2022-01-17,17.42,44.8,36.0,2021-03-22,12.76,9067881.0,2021-08-20,OPEN,6.07,127.0,4.0,14.0
-,ASX-SEK,2021-03-08,AUD,26.1,22675158.0,2022-01-29,36.28,39.0,30.0,2021-03-22,27.58,13248025.0,2021-02-23,OPEN,5.67,119.0,4.0,15.0
-,ASX-CHC,2021-03-08,AUD,12.03,11239858.0,2022-02-19,15.87,31.92,23.0,2021-03-22,12.76,9067881.0,2021-08-20,OPEN,6.07,127.0,3.0,19.0
-,ASX-NST,2021-03-08,AUD,9.49,72248556.0,2022-02-01,13.03,37.3,28.0,2021-03-22,9.89,66278379.0,2021-08-19,OPEN,4.21,88.0,4.0,11.0
-,ASX-ORE,2021-03-09,AUD,4.35,6668689.0,2021-12-08,5.73,31.72,29.0,2021-03-22,4.83,5170462.0,2021-02-25,OPEN,11.03,253.0,4.0,35.0
-,ASX-SEK,2021-03-09,AUD,26.36,30301743.0,2022-01-30,36.64,39.0,30.0,2021-03-22,27.58,13248025.0,2021-02-23,OPEN,4.63,106.0,3.0,12.0
-,ASX-MYX,2021-03-09,AUD,0.33,3036248.0,2021-10-04,0.46,39.39,47.0,2021-03-22,0.355,252234.0,2021-02-23,OPEN,7.58,174.0,5.0,19.0
-,ASX-REA,2021-03-10,AUD,135.66,30731060.0,2021-12-08,191.82,41.4,38.0,2021-03-22,134.43,11459216.0,2021-05-06,OPEN,-0.91,-23.0,4.0,-2.0
-,ASX-REA,2021-03-10,AUD,135.66,30731060.0,2021-12-04,193.95,42.97,40.0,2021-03-22,134.43,11459216.0,2021-05-06,OPEN,-0.91,-23.0,4.0,-2.0
-,ASX-NXT,2021-03-10,AUD,10.43,18022717.0,2022-01-23,13.81,32.41,26.0,2021-03-22,10.73,7828629.0,2021-02-25,OPEN,2.88,73.0,3.0,9.0
-,ASX-CAR,2021-03-10,AUD,18.26,11376418.0,2022-03-01,27.58,51.04,36.0,2021-03-22,18.5,12305590.0,2021-08-17,OPEN,1.31,33.0,3.0,3.0
-,ASX-NST,2021-03-10,AUD,9.56,51746483.0,2022-02-03,13.12,37.24,28.0,2021-03-22,9.89,66278379.0,2021-08-19,OPEN,3.45,87.0,3.0,9.0
-,ASX-BRG,2021-03-10,AUD,26.25,4455386.0,2022-03-07,34.25,30.48,21.0,2021-03-22,27.58,7330654.0,2021-08-13,OPEN,5.07,128.0,3.0,17.0
-,ASX-BRG,2021-03-10,AUD,26.25,4455386.0,2022-03-07,34.25,30.48,21.0,2021-03-22,27.58,7330654.0,2021-08-13,OPEN,5.07,128.0,3.0,17.0
-,ASX-CCP,2021-03-11,AUD,33.2,9462930.0,2021-12-24,43.44,30.84,27.0,2021-03-22,33.5,2754303.0,-,OPEN,0.9,25.0,3.0,3.0
-,ASX-GEM,2021-03-11,AUD,1.03,1555875.0,2021-12-08,1.52,47.57,44.0,2021-03-22,1.09,2291689.0,2021-02-23,OPEN,5.83,163.0,3.0,12.0
-,ASX-GEM,2021-03-11,AUD,1.03,1555875.0,2021-12-31,1.56,51.46,44.0,2021-03-22,1.09,2291689.0,2021-02-23,OPEN,5.83,163.0,3.0,11.0
-,ASX-BRG,2021-03-11,AUD,26.53,5351446.0,2022-03-08,34.61,30.46,21.0,2021-03-22,27.58,7330654.0,2021-08-13,OPEN,3.96,111.0,2.0,13.0
-,ASX-BRG,2021-03-11,AUD,26.53,5351446.0,2022-03-08,34.61,30.46,21.0,2021-03-22,27.58,7330654.0,2021-08-13,OPEN,3.96,111.0,2.0,13.0
-,ASX-GEM,2021-03-12,AUD,1.05,1229236.0,2021-12-09,1.55,47.62,44.0,2021-03-22,1.09,2291689.0,2021-02-23,OPEN,3.81,120.0,3.0,8.0
-,ASX-NXT,2021-03-12,AUD,10.52,18176119.0,2022-01-25,13.93,32.41,26.0,2021-03-22,10.73,7828629.0,2021-02-25,OPEN,2.0,63.0,3.0,6.0
-,ASX-WSA,2021-03-12,AUD,2.12,10965952.0,2021-09-30,3.11,46.7,58.0,2021-03-22,2.06,6745357.0,2021-02-22,OPEN,-2.83,-89.0,4.0,-6.0
-,ASX-SZL,2021-03-12,AUD,8.0,4616936.0,2021-06-10,13.62,70.25,197.0,2021-03-22,8.17,4315492.0,2021-02-25,OPEN,2.12,67.0,9.0,3.0
-,ASX-SZL,2021-03-12,AUD,8.0,4616936.0,2021-06-03,11.78,47.25,143.0,2021-03-22,8.17,4315492.0,2021-02-25,OPEN,2.12,67.0,10.0,4.0
-,ASX-WSA,2021-03-12,AUD,2.12,10965952.0,2021-10-16,3.33,57.08,66.0,2021-03-22,2.06,6745357.0,2021-02-22,OPEN,-2.83,-89.0,4.0,-5.0
-,ASX-BRG,2021-03-12,AUD,26.72,4414785.0,2022-03-09,34.86,30.46,21.0,2021-03-22,27.58,7330654.0,2021-08-13,OPEN,3.22,101.0,2.0,11.0
-,ASX-BRG,2021-03-12,AUD,26.72,4414785.0,2022-03-09,34.86,30.46,21.0,2021-03-22,27.58,7330654.0,2021-08-13,OPEN,3.22,101.0,2.0,11.0
-,ASX-CCP,2021-03-15,AUD,32.94,6478277.0,2021-12-29,44.79,35.97,31.0,2021-03-22,33.5,2754303.0,-,OPEN,1.7,71.0,2.0,5.0
-,ASX-MYX,2021-03-15,AUD,0.34,1085114.0,2021-10-06,0.46,35.29,43.0,2021-03-22,0.355,252234.0,2021-02-23,OPEN,4.41,185.0,3.0,12.0
-,ASX-SDF,2021-03-15,AUD,3.86,5142458.0,2021-11-30,5.1,32.12,31.0,2021-03-22,3.86,8362590.0,2021-02-23,OPEN,0.0,0.0,2.0,0.0
-,ASX-A2M,2021-03-15,AUD,8.78,20614694.0,2021-12-18,15.32,74.49,68.0,2021-03-22,8.43,26458078.0,-,OPEN,-3.99,-168.0,2.0,-5.0
-,ASX-GEM,2021-03-15,AUD,1.07,2100064.0,2021-08-24,1.43,33.64,52.0,2021-03-22,1.09,2291689.0,2021-02-23,OPEN,1.87,79.0,4.0,6.0
-,ASX-NAN,2021-03-16,AUD,6.3,5848649.0,2022-02-19,9.0,42.86,32.0,2021-03-22,6.15,1971462.0,2021-02-23,OPEN,-2.38,-120.0,1.0,-6.0
-,ASX-SDF,2021-03-16,AUD,3.84,6217091.0,2021-12-01,5.07,32.03,31.0,2021-03-22,3.86,8362590.0,2021-02-23,OPEN,0.52,26.0,2.0,2.0
-,ASX-CCP,2021-03-16,AUD,33.98,6039333.0,2022-01-04,46.34,36.37,31.0,2021-03-22,33.5,2754303.0,-,OPEN,-1.41,-71.0,2.0,-4.0
-,ASX-GEM,2021-03-16,AUD,1.09,3138244.0,2021-08-25,1.45,33.03,51.0,2021-03-22,1.09,2291689.0,2021-02-23,OPEN,0.0,0.0,3.0,0.0
-,ASX-DMP,2021-03-16,AUD,93.42,15695681.0,2022-01-16,122.49,31.12,26.0,2021-03-22,97.19,24583141.0,2021-08-17,OPEN,4.04,204.0,2.0,13.0
-,ASX-MYX,2021-03-16,AUD,0.35,904580.0,2021-10-07,0.48,37.14,46.0,2021-03-22,0.355,252234.0,2021-02-23,OPEN,1.43,72.0,2.0,4.0
-,ASX-NST,2021-03-18,AUD,9.36,181636519.0,2022-02-11,12.85,37.29,28.0,2021-03-22,9.89,66278379.0,2021-08-19,OPEN,5.66,475.0,1.0,15.0
-,ASX-WSA,2021-03-18,AUD,2.05,4871470.0,2021-10-22,3.22,57.07,66.0,2021-03-22,2.06,6745357.0,2021-02-22,OPEN,0.49,41.0,1.0,1.0
